﻿<mockup version="5.3" minAllowVersion="5.3" ID="1181B28E-C6D0-4126-B2BB-A149114F2DFE" platform="MtBlank" defaultW="6000" defaultH="6000" measureW="6000" measureH="6000" mobileScreenScale="0">
  <controls controlCount="14">
    <control controlID="CD310147-22E0-441F-AB90-28F45595F4DE" controlTypeID="IPhone2" x="467" y="77" w="400" h="800" zOrder="0"/>
    <control controlID="0A17E968-E9B2-42A4-9C18-12A972076F65" controlTypeID="Shape" x="488" y="640" w="358" h="153" zOrder="1">
      <font family="%E5%BE%AE%E8%BD%AF%E9%9B%85%E9%BB%91" displayName="%E5%BE%AE%E8%BD%AF%E9%9B%85%E9%BB%91" postScript="" weightStyle="Regular" weight="400" isBold="False" isItalic="False"/>
      <selectedIndex>-1</selectedIndex>
    </control>
    <control controlID="D8E7578D-98AA-42E8-8799-1A82324C6CB2" controlTypeID="ButtonBar" x="488" y="613" w="358" h="28" zOrder="2">
      <links eventType="AtClick" animate="AmNone" animateAutoDelay="0" animateDuration="500">
        <link targetPageID="30B9424A-5A0C-4D64-B105-23FC597107EC" linkType="ltPageLink" isApplyIncludePage="False" title="%E9%81%93%E5%85%B7">
          <area shape="0" alt="" ID="{74E1AD54-128E-4C03-BAD4-9AB4FE5CF2F7}" coords="(0.5,0.5,119.5,27.5)"/>
        </link>
        <link targetPageID="9541BF63-D518-4FD6-8359-99B583DAAB4D" linkType="ltPageLink" isApplyIncludePage="False" title="%E5%8B%8B%E7%AB%A0">
          <area shape="0" alt="" ID="{0B4AF784-EE47-4927-A657-D2DA4BB42FB1}" coords="(119.5,0.5,238.5,27.5)"/>
        </link>
        <link targetPageID="1181B28E-C6D0-4126-B2BB-A149114F2DFE" linkType="ltPageLink" isApplyIncludePage="False" title="%E8%BF%9B%E5%9C%BA%E7%89%B9%E6%95%88">
          <area shape="0" alt="" ID="{CD5B218F-0652-4E63-9621-D6FE1991E5F0}" coords="(238.5,0.5,357.5,27.5)"/>
        </link>
      </links>
      <font family="%E5%BE%AE%E8%BD%AF%E9%9B%85%E9%BB%91" displayName="%E5%BE%AE%E8%BD%AF%E9%9B%85%E9%BB%91" postScript="" weightStyle="Regular" weight="400" isBold="False" isItalic="False"/>
      <text>%E9%81%93%E5%85%B7%2C%E5%8B%8B%E7%AB%A0%2C%E8%BF%9B%E5%9C%BA%E7%89%B9%E6%95%88</text>
      <lineSpacing>0</lineSpacing>
      <selectedIndex>2</selectedIndex>
    </control>
    <control controlID="4A0CE2FB-1EE6-44BD-A6B0-268ED429DC83" controlTypeID="Label" x="496" y="650" w="264" h="16" zOrder="3">
      <font family="%E5%BE%AE%E8%BD%AF%E9%9B%85%E9%BB%91" displayName="%E5%BE%AE%E8%BD%AF%E9%9B%85%E9%BB%91" postScript="" weightStyle="Regular" weight="400" isBold="False" isItalic="False"/>
      <text>%E8%BF%99%E9%87%8C%E6%98%AF%E4%B8%80%E8%A1%8C%E6%8F%8F%E8%BF%B0%E6%96%87%E5%AD%97%EF%BC%8C%E8%AF%B4%E6%98%8E%E9%81%93%E5%85%B7%E5%86%85%E5%AE%B9%EF%BC%8C%E5%90%8E%E5%8F%B0%E6%9D%A5%E9%85%8D%E7%BD%AE</text>
      <textSize>12</textSize>
      <lineSpacing>0</lineSpacing>
      <selectedIndex>-1</selectedIndex>
    </control>
    <control controlID="6701E334-FF9E-4375-88AC-C9A3A472E78B" controlTypeID="Shape" x="513" y="687" w="41" h="41" zOrder="4">
      <color>4288256409</color>
      <font family="%E5%BE%AE%E8%BD%AF%E9%9B%85%E9%BB%91" displayName="%E5%BE%AE%E8%BD%AF%E9%9B%85%E9%BB%91" postScript="" weightStyle="Regular" weight="400" isBold="False" isItalic="False"/>
      <selectedIndex>-1</selectedIndex>
    </control>
    <control controlID="27F23565-9B43-4108-B2B5-A06F837AC968" controlTypeID="Shape" x="579" y="687" w="41" h="41" zOrder="5">
      <color>4288256409</color>
      <font family="%E5%BE%AE%E8%BD%AF%E9%9B%85%E9%BB%91" displayName="%E5%BE%AE%E8%BD%AF%E9%9B%85%E9%BB%91" postScript="" weightStyle="Regular" weight="400" isBold="False" isItalic="False"/>
      <selectedIndex>-1</selectedIndex>
    </control>
    <control controlID="8E0E400F-44E6-4013-A98B-E72073AFCA22" controlTypeID="Shape" x="646" y="687" w="41" h="41" zOrder="6">
      <color>4288256409</color>
      <font family="%E5%BE%AE%E8%BD%AF%E9%9B%85%E9%BB%91" displayName="%E5%BE%AE%E8%BD%AF%E9%9B%85%E9%BB%91" postScript="" weightStyle="Regular" weight="400" isBold="False" isItalic="False"/>
      <selectedIndex>-1</selectedIndex>
    </control>
    <control controlID="1204DB46-BAFA-4293-9CE9-DA9A60AC3212" controlTypeID="Label" x="516" y="738" w="36" h="16" zOrder="7">
      <font family="%E5%BE%AE%E8%BD%AF%E9%9B%85%E9%BB%91" displayName="%E5%BE%AE%E8%BD%AF%E9%9B%85%E9%BB%91" postScript="" weightStyle="Regular" weight="400" isBold="False" isItalic="False"/>
      <text>%E6%BD%9C%E5%8A%9B%E8%82%A1</text>
      <textSize>12</textSize>
      <lineSpacing>0</lineSpacing>
      <selectedIndex>-1</selectedIndex>
    </control>
    <control controlID="36961F98-68DB-4DD8-9407-74356DE5CDA6" controlTypeID="Label" x="588" y="738" w="24" h="16" zOrder="8">
      <font family="%E5%BE%AE%E8%BD%AF%E9%9B%85%E9%BB%91" displayName="%E5%BE%AE%E8%BD%AF%E9%9B%85%E9%BB%91" postScript="" weightStyle="Regular" weight="400" isBold="False" isItalic="False"/>
      <text>%E9%93%B6%E5%86%A0</text>
      <textSize>12</textSize>
      <lineSpacing>0</lineSpacing>
      <selectedIndex>-1</selectedIndex>
    </control>
    <control controlID="5AA608B9-7429-4E58-9E60-8918EA79191E" controlTypeID="Label" x="654" y="738" w="25" h="16" zOrder="9">
      <font family="%E5%BE%AE%E8%BD%AF%E9%9B%85%E9%BB%91" displayName="%E5%BE%AE%E8%BD%AF%E9%9B%85%E9%BB%91" postScript="" weightStyle="Regular" weight="400" isBold="False" isItalic="False"/>
      <text>xxx2</text>
      <textSize>12</textSize>
      <lineSpacing>0</lineSpacing>
      <selectedIndex>-1</selectedIndex>
    </control>
    <control controlID="8E9062FF-8A67-4CC6-A6A6-9358BAFD92AD" controlTypeID="Label" x="596" y="687" w="35" h="16" zOrder="10">
      <font family="%E5%BE%AE%E8%BD%AF%E9%9B%85%E9%BB%91" displayName="%E5%BE%AE%E8%BD%AF%E9%9B%85%E9%BB%91" postScript="" weightStyle="Regular" weight="400" isBold="False" isItalic="False"/>
      <text>%E4%BD%BF%E7%94%A8%E4%B8%AD</text>
      <textColor>4294901760</textColor>
      <textSize>12</textSize>
      <lineSpacing>0</lineSpacing>
      <selectedIndex>-1</selectedIndex>
    </control>
    <control controlID="C973818F-2837-4C33-B931-3549C01940A8" controlTypeID="Shape" x="506" y="682" w="63" h="79" zOrder="11">
      <color>4288256409</color>
      <opacity>0.5</opacity>
      <font family="%E5%BE%AE%E8%BD%AF%E9%9B%85%E9%BB%91" displayName="%E5%BE%AE%E8%BD%AF%E9%9B%85%E9%BB%91" postScript="" weightStyle="Regular" weight="400" isBold="False" isItalic="False"/>
      <selectedIndex>-1</selectedIndex>
    </control>
    <control controlID="B1A0FA77-B140-47A1-91F6-183CF6EEBE66" controlTypeID="Button" x="770" y="759" w="61" h="24" zOrder="12">
      <font family="%E5%BE%AE%E8%BD%AF%E9%9B%85%E9%BB%91" displayName="%E5%BE%AE%E8%BD%AF%E9%9B%85%E9%BB%91" postScript="" weightStyle="Regular" weight="400" isBold="False" isItalic="False"/>
      <text>%E4%BD%BF%E7%94%A8</text>
      <textSize>12</textSize>
      <lineSpacing>0</lineSpacing>
      <selectedIndex>-1</selectedIndex>
      <radius>4</radius>
    </control>
    <control controlID="6BA4FE30-8D0B-4C57-A477-38BB722DB4BF" controlTypeID="Button" x="771" y="803" w="60" h="24" zOrder="13">
      <font family="%E5%BE%AE%E8%BD%AF%E9%9B%85%E9%BB%91" displayName="%E5%BE%AE%E8%BD%AF%E9%9B%85%E9%BB%91" postScript="" weightStyle="Regular" weight="400" isBold="False" isItalic="False"/>
      <text>%E5%8F%96%E6%B6%88</text>
      <textSize>12</textSize>
      <lineSpacing>0</lineSpacing>
      <selectedIndex>-1</selectedIndex>
      <radius>4</radius>
    </control>
  </controls>
  <param>
    <backgroundColor>4294967295</backgroundColor>
    <fontSize>0</fontSize>
    <fontFamily/>
    <guideLines/>
  </param>
</mockup>