﻿<mockup version="5.3" minAllowVersion="5.3" ID="18843401-5F1F-4820-8159-75FB9147FF81" platform="MtBlank" defaultW="6000" defaultH="6000" measureW="6000" measureH="6000" mobileScreenScale="0">
  <controls controlCount="14">
    <control controlID="B88686BA-C603-44F6-B1D0-C3307DC46DD2" controlTypeID="IPhone2" x="199" y="66" w="400" h="800" zOrder="0"/>
    <control controlID="15807937-A36E-40E2-BBBD-B4B434990AB7" controlTypeID="Icon" x="504" y="615" w="24" h="24" zOrder="1">
      <color>4278242406</color>
      <icon>
        <ID/>
        <iconFontName>jdIonicons</iconFontName>
        <iconCode>62344</iconCode>
      </icon>
      <URL>9DA58F6FCBD77A56BA4CDD80AFFCE333.svg</URL>
    </control>
    <control controlID="5DBA4A82-9C62-447C-9CDB-DD8696B2F84F" controlTypeID="Icon" x="522" y="637" w="24" h="24" zOrder="2">
      <color>4278242406</color>
      <icon>
        <ID/>
        <iconFontName>jdIonicons</iconFontName>
        <iconCode>62344</iconCode>
      </icon>
      <URL>9DA58F6FCBD77A56BA4CDD80AFFCE333.svg</URL>
    </control>
    <control controlID="63177B27-6449-496E-A067-75C233D7390C" controlTypeID="Icon" x="534" y="679" w="24" h="24" zOrder="3">
      <color>4278242406</color>
      <icon>
        <ID/>
        <iconFontName>jdIonicons</iconFontName>
        <iconCode>62344</iconCode>
      </icon>
      <URL>9DA58F6FCBD77A56BA4CDD80AFFCE333.svg</URL>
    </control>
    <control controlID="1DE3E168-B060-4BB5-9184-A811409E6F4A" controlTypeID="Icon" x="513" y="662" w="24" h="24" zOrder="4">
      <icon>
        <ID/>
        <iconFontName>jdIonicons</iconFontName>
        <iconCode>62344</iconCode>
      </icon>
      <URL>9DA58F6FCBD77A56BA4CDD80AFFCE333.svg</URL>
    </control>
    <control controlID="14A4DBB4-0110-47F5-9FC0-828A3AC08ADA" controlTypeID="Icon" x="547" y="649" w="24" h="24" zOrder="5">
      <icon>
        <ID/>
        <iconFontName>jdIonicons</iconFontName>
        <iconCode>62344</iconCode>
      </icon>
      <URL>9DA58F6FCBD77A56BA4CDD80AFFCE333.svg</URL>
    </control>
    <control controlID="F8A4BA0C-0023-4E0E-B441-9B6D7E715510" controlTypeID="Icon" x="547" y="615" w="24" h="24" zOrder="6">
      <icon>
        <ID/>
        <iconFontName>jdIonicons</iconFontName>
        <iconCode>62344</iconCode>
      </icon>
      <URL>9DA58F6FCBD77A56BA4CDD80AFFCE333.svg</URL>
    </control>
    <control controlID="B51568BC-A6E7-4663-ACBB-84FC57DA01FE" controlTypeID="Circle" x="529" y="713" w="37" h="38" zOrder="7">
      <font family="%E5%BE%AE%E8%BD%AF%E9%9B%85%E9%BB%91" displayName="%E5%BE%AE%E8%BD%AF%E9%9B%85%E9%BB%91" postScript="" weightStyle="Regular" weight="400" isBold="False" isItalic="False"/>
      <selectedIndex>-1</selectedIndex>
      <shapeBorderType>SbEllipse</shapeBorderType>
    </control>
    <control controlID="5C872CB9-9F00-4926-BC28-651C93B10399" controlTypeID="Icon" x="536" y="723" w="23" h="23" zOrder="8">
      <icon>
        <ID/>
        <iconFontName>jdIonicons</iconFontName>
        <iconCode>62344</iconCode>
      </icon>
      <URL>9DA58F6FCBD77A56BA4CDD80AFFCE333.svg</URL>
    </control>
    <control controlID="D91476F2-3EC8-424B-8089-346202F2FA2E" controlTypeID="__group__" x="465" y="679" w="48" h="16" zOrder="9">
      <groupChildrenDescriptors>
        <control controlID="536843AF-2E8F-40E9-8D4C-3D530458DCFD" controlTypeID="Label" x="0" y="0" w="29" h="16" zOrder="0">
          <font family="%E5%BE%AE%E8%BD%AF%E9%9B%85%E9%BB%91" displayName="%E5%BE%AE%E8%BD%AF%E9%9B%85%E9%BB%91" postScript="" weightStyle="Regular" weight="400" isBold="False" isItalic="False"/>
          <text>%2B500</text>
          <textSize>12</textSize>
          <lineSpacing>0</lineSpacing>
          <selectedIndex>-1</selectedIndex>
        </control>
        <control controlID="6F4A2FDE-9774-4F6A-B158-6DCCE1C9CA43" controlTypeID="Icon" x="33" y="0" w="15" h="15" zOrder="1">
          <color>4294940928</color>
          <icon>
            <ID/>
            <iconFontName>jdiconfontA</iconFontName>
            <iconCode>59654</iconCode>
          </icon>
          <URL>D0C064FF6802AB527BCBD865CE47616F.svg</URL>
        </control>
      </groupChildrenDescriptors>
    </control>
    <control controlID="11F609A2-D328-447F-81C1-8FF42EC9646F" controlTypeID="StickyNote" x="623" y="291" w="394" h="235" zOrder="10">
      <font family="%E5%BE%AE%E8%BD%AF%E9%9B%85%E9%BB%91" displayName="%E5%BE%AE%E8%BD%AF%E9%9B%85%E9%BB%91" postScript="" weightStyle="Regular" weight="400" isBold="False" isItalic="False"/>
      <text>%E6%B7%BB%E5%8A%A0%E4%B8%80%E4%B8%AA%E7%B1%BB%E4%BC%BC%E7%A4%BC%E7%89%A9%E5%9B%BE%E7%89%87%E7%9A%84%E6%A0%B7%E5%BC%8F%E5%9C%A8%E8%BF%99%E9%87%8C%EF%BC%8C%E7%82%B9%E5%87%BB%E5%8F%AF%E4%BB%A5%E9%80%81%E5%87%BA%E4%B8%80%E4%B8%AA%E7%A4%BC%E7%89%A9%E3%80%82%EF%BC%88%E8%BF%99%E4%B8%AA%E7%A4%BC%E7%89%A9%E5%9B%BE%E7%89%87%E8%B5%B0%E5%90%8E%E5%8F%B0%E9%85%8D%E7%BD%AE%EF%BC%89%0D%0A%0D%0A%E8%AF%A5%E7%A4%BC%E7%89%A9%E4%B8%8D%E6%B6%88%E8%80%97%E9%87%91%E5%B8%81%EF%BC%8C%E4%BC%9A%E9%9A%8F%E6%9C%BA%E5%87%BA%E4%B8%80%E4%BA%9B%E9%87%91%E5%B8%81%EF%BC%88%E5%90%8E%E5%8F%B0%E9%85%8D%E7%BD%AE%EF%BC%89%0D%0A%0D%0A%E5%85%8D%E8%B4%B9%E7%A4%BC%E7%89%A9%E4%B9%9F%E8%A6%81%E5%9C%A8%E6%B5%81%E6%B0%B4%E9%87%8C%E9%9D%A2%E8%AE%A1%E7%AE%97%EF%BC%8C</text>
      <selectedIndex>-1</selectedIndex>
    </control>
    <control controlID="05883A1D-64EF-4661-9FDE-717815A2F351" controlTypeID="Label" x="535" y="756" w="24" h="16" zOrder="11">
      <font family="%E5%BE%AE%E8%BD%AF%E9%9B%85%E9%BB%91" displayName="%E5%BE%AE%E8%BD%AF%E9%9B%85%E9%BB%91" postScript="" weightStyle="Regular" weight="400" isBold="False" isItalic="False"/>
      <text>%E4%BA%B2%E4%BA%B2</text>
      <textSize>12</textSize>
      <lineSpacing>0</lineSpacing>
      <selectedIndex>-1</selectedIndex>
    </control>
  </controls>
  <param>
    <backgroundColor>4294967295</backgroundColor>
    <fontSize>0</fontSize>
    <fontFamily/>
    <guideLines/>
  </param>
</mockup>