﻿<mockup version="5.3" minAllowVersion="5.3" ID="18DC98CF-3062-4EEC-A92B-DDD8D28A31E5" platform="MtBlank" defaultW="6000" defaultH="6000" measureW="6000" measureH="6000" mobileScreenScale="0">
  <controls controlCount="23">
    <control controlID="8C7AA628-8D1A-44FC-B94B-EBAB5F3AE579" controlTypeID="Shape" x="55" y="63" w="318" h="628" zOrder="0">
      <font family="%E5%BE%AE%E8%BD%AF%E9%9B%85%E9%BB%91" displayName="%E5%BE%AE%E8%BD%AF%E9%9B%85%E9%BB%91" postScript="" weightStyle="Regular" weight="400" isBold="False" isItalic="False"/>
      <selectedIndex>-1</selectedIndex>
    </control>
    <control controlID="8E26955C-6ACD-4B5D-9C6D-A74E8EDE13EE" controlTypeID="Image" x="56" y="64" w="314" h="617" zOrder="1">
      <URL>70D2E68A7886F41F9C96F01CD7EF83BB.png</URL>
    </control>
    <control controlID="CF0EA408-3304-4D51-B12F-5E70AB82074E" controlTypeID="Button" x="124" y="527" w="183" h="28" zOrder="2">
      <color>4288256409</color>
      <borderColor>4291611852</borderColor>
      <font family="%E5%BE%AE%E8%BD%AF%E9%9B%85%E9%BB%91" displayName="%E5%BE%AE%E8%BD%AF%E9%9B%85%E9%BB%91" postScript="" weightStyle="Regular" weight="400" isBold="False" isItalic="False"/>
      <text>%E9%BB%91%E5%90%8D%E5%8D%95</text>
      <textSize>12</textSize>
      <lineSpacing>0</lineSpacing>
      <selectedIndex>-1</selectedIndex>
      <radius>4</radius>
    </control>
    <control controlID="3A9FED60-A267-4247-96D7-6268C641E9BA" controlTypeID="Button" x="121" y="566" w="183" h="28" zOrder="3">
      <color>4288256409</color>
      <borderColor>4291611852</borderColor>
      <font family="%E5%BE%AE%E8%BD%AF%E9%9B%85%E9%BB%91" displayName="%E5%BE%AE%E8%BD%AF%E9%9B%85%E9%BB%91" postScript="" weightStyle="Regular" weight="400" isBold="False" isItalic="False"/>
      <text>%E7%A6%81%E6%92%AD%E5%88%97%E8%A1%A8</text>
      <textSize>12</textSize>
      <lineSpacing>0</lineSpacing>
      <selectedIndex>-1</selectedIndex>
      <radius>4</radius>
    </control>
    <control controlID="3F56DF11-488A-4510-BAAC-0652D3AB8C6C" controlTypeID="Shape" x="440" y="64" w="338" h="628" zOrder="4">
      <font family="%E5%BE%AE%E8%BD%AF%E9%9B%85%E9%BB%91" displayName="%E5%BE%AE%E8%BD%AF%E9%9B%85%E9%BB%91" postScript="" weightStyle="Regular" weight="400" isBold="False" isItalic="False"/>
      <selectedIndex>-1</selectedIndex>
    </control>
    <control controlID="35F5527D-8697-4F30-BC73-29B6A538457F" controlTypeID="Button" x="691" y="99" w="70" h="23" zOrder="5">
      <interactiveData>
        <entry title="">
          <area shape="0" alt="" ID="{370DB9D7-AD20-43B4-8EB1-7377F94737DC}" coords="(0,0,70,23)"/>
          <events title="">
            <event eventType="atClick" isChecked="True">
              <behaviour title="" isChecked="True" isWait="False" isLoop="False" execMode="emParallel">
                <target targetID="3DAC1CF8-35C5-4CA6-B526-7D62AAAC4F09" isChecked="True" isAutoRecovery="False" isLoop="False" execMode="emSequence">
                  <command name="Popup State Change" isChecked="True" descrition="">
                    <param name="AniInterpolation" value="0" varType="3" description=""/>
                    <param name="AniDuration" value="200" varType="3" description=""/>
                    <param name="AniAutoReverse" value="False" varType="11" description=""/>
                    <param name="AniLoop" value="False" varType="11" description=""/>
                    <param name="AniInterpolationTypeOut" value="False" varType="11" description=""/>
                    <param name="Delay" value="0" varType="3" description=""/>
                    <param name="Value" value="2" varType="3" description=""/>
                    <param name="AniType" value="0" varType="3" description=""/>
                  </command>
                </target>
              </behaviour>
            </event>
          </events>
        </entry>
      </interactiveData>
      <font family="%E5%BE%AE%E8%BD%AF%E9%9B%85%E9%BB%91" displayName="%E5%BE%AE%E8%BD%AF%E9%9B%85%E9%BB%91" postScript="" weightStyle="Regular" weight="400" isBold="False" isItalic="False"/>
      <text>%E6%B7%BB%E5%8A%A0</text>
      <textSize>12</textSize>
      <lineSpacing>0</lineSpacing>
      <selectedIndex>-1</selectedIndex>
      <radius>4</radius>
    </control>
    <control controlID="12C78A16-16E1-4F03-8914-38BACE67CEC2" controlTypeID="Line" x="441" y="143" w="336" h="1" zOrder="6">
      <font family="%E5%BE%AE%E8%BD%AF%E9%9B%85%E9%BB%91" displayName="%E5%BE%AE%E8%BD%AF%E9%9B%85%E9%BB%91" postScript="" weightStyle="Regular" weight="400" isBold="False" isItalic="False"/>
      <lineSpacing>0</lineSpacing>
      <selectedIndex>-1</selectedIndex>
      <controlPoint>(168,0)</controlPoint>
      <startPoint>(0,0)</startPoint>
      <endPoint>(336,0)</endPoint>
    </control>
    <control controlID="D1FE87CC-7B5B-4EA4-8B8B-A3AACE70CC1E" controlTypeID="Table" x="453" y="167" w="308" h="134" zOrder="7">
      <font family="%E5%BE%AE%E8%BD%AF%E9%9B%85%E9%BB%91" displayName="%E5%BE%AE%E8%BD%AF%E9%9B%85%E9%BB%91" postScript="" weightStyle="Regular" weight="400" isBold="False" isItalic="False"/>
      <text>ID%09%E6%98%B5%E7%A7%B0%09%E7%A6%81%E6%92%AD%E6%97%B6%E9%97%B4%EF%BC%88%E5%B0%8F%E6%97%B6%EF%BC%89%09%E6%93%8D%E4%BD%9C%091005315%09%E5%B0%8F%E8%8A%B1%E7%94%9F%0925%09%E5%88%A0%E9%99%A4%091005312%09%E5%A4%A7%E8%8A%B1%E7%94%9F%095%09%E5%88%A0%E9%99%A4%09%09%09%09</text>
      <textAlign>HaCenter</textAlign>
      <lineSpacing>0</lineSpacing>
      <thickness>1</thickness>
      <dashMode>SdSolid</dashMode>
      <tableStyle>tsNone</tableStyle>
      <fontFamily/>
      <fontWeight>Regular</fontWeight>
      <textStyles>[]</textStyles>
      <cells>
        <cell rows="0,0" cols="0,0">
          <fontFamily>%E5%BE%AE%E8%BD%AF%E9%9B%85%E9%BB%91</fontFamily>
          <fontWeight>Regular</fontWeight>
          <textStyles>[]</textStyles>
          <text>ID</text>
          <textHeight>28</textHeight>
          <font family="%E5%BE%AE%E8%BD%AF%E9%9B%85%E9%BB%91" displayName="%E5%BE%AE%E8%BD%AF%E9%9B%85%E9%BB%91" postScript="" weightStyle="Regular" weight="400" isBold="False" isItalic="False"/>
        </cell>
        <cell rows="0,0" cols="1,1">
          <fontFamily>%E5%BE%AE%E8%BD%AF%E9%9B%85%E9%BB%91</fontFamily>
          <fontWeight>Regular</fontWeight>
          <textStyles>[]</textStyles>
          <text>%E6%98%B5%E7%A7%B0</text>
          <textHeight>28</textHeight>
          <font family="%E5%BE%AE%E8%BD%AF%E9%9B%85%E9%BB%91" displayName="%E5%BE%AE%E8%BD%AF%E9%9B%85%E9%BB%91" postScript="" weightStyle="Regular" weight="400" isBold="False" isItalic="False"/>
        </cell>
        <cell rows="0,0" cols="2,2">
          <fontFamily>%E5%BE%AE%E8%BD%AF%E9%9B%85%E9%BB%91</fontFamily>
          <fontWeight>Regular</fontWeight>
          <textStyles>[]</textStyles>
          <text>%E7%A6%81%E6%92%AD%E6%97%B6%E9%97%B4%EF%BC%88%E5%B0%8F%E6%97%B6%EF%BC%89</text>
          <textHeight>44</textHeight>
          <font family="%E5%BE%AE%E8%BD%AF%E9%9B%85%E9%BB%91" displayName="%E5%BE%AE%E8%BD%AF%E9%9B%85%E9%BB%91" postScript="" weightStyle="Regular" weight="400" isBold="False" isItalic="False"/>
        </cell>
        <cell rows="0,0" cols="3,3">
          <fontFamily>%E5%BE%AE%E8%BD%AF%E9%9B%85%E9%BB%91</fontFamily>
          <fontWeight>Regular</fontWeight>
          <textStyles>[]</textStyles>
          <text>%E6%93%8D%E4%BD%9C</text>
          <textHeight>28</textHeight>
          <font family="%E5%BE%AE%E8%BD%AF%E9%9B%85%E9%BB%91" displayName="%E5%BE%AE%E8%BD%AF%E9%9B%85%E9%BB%91" postScript="" weightStyle="Regular" weight="400" isBold="False" isItalic="False"/>
        </cell>
        <cell rows="1,1" cols="0,0">
          <fontFamily>%E5%BE%AE%E8%BD%AF%E9%9B%85%E9%BB%91</fontFamily>
          <fontWeight>Regular</fontWeight>
          <textStyles>[]</textStyles>
          <text>1005315</text>
          <textHeight>28</textHeight>
          <font family="%E5%BE%AE%E8%BD%AF%E9%9B%85%E9%BB%91" displayName="%E5%BE%AE%E8%BD%AF%E9%9B%85%E9%BB%91" postScript="" weightStyle="Regular" weight="400" isBold="False" isItalic="False"/>
        </cell>
        <cell rows="1,1" cols="1,1">
          <fontFamily>%E5%BE%AE%E8%BD%AF%E9%9B%85%E9%BB%91</fontFamily>
          <fontWeight>Regular</fontWeight>
          <textStyles>[]</textStyles>
          <text>%E5%B0%8F%E8%8A%B1%E7%94%9F</text>
          <textHeight>28</textHeight>
          <font family="%E5%BE%AE%E8%BD%AF%E9%9B%85%E9%BB%91" displayName="%E5%BE%AE%E8%BD%AF%E9%9B%85%E9%BB%91" postScript="" weightStyle="Regular" weight="400" isBold="False" isItalic="False"/>
        </cell>
        <cell rows="1,1" cols="2,2">
          <fontFamily>%E5%BE%AE%E8%BD%AF%E9%9B%85%E9%BB%91</fontFamily>
          <fontWeight>Regular</fontWeight>
          <textStyles>[]</textStyles>
          <text>25</text>
          <textHeight>28</textHeight>
          <font family="%E5%BE%AE%E8%BD%AF%E9%9B%85%E9%BB%91" displayName="%E5%BE%AE%E8%BD%AF%E9%9B%85%E9%BB%91" postScript="" weightStyle="Regular" weight="400" isBold="False" isItalic="False"/>
        </cell>
        <cell rows="1,1" cols="3,3">
          <textColor>4278190335</textColor>
          <fontFamily>%E5%BE%AE%E8%BD%AF%E9%9B%85%E9%BB%91</fontFamily>
          <fontWeight>Regular</fontWeight>
          <textStyles>[]</textStyles>
          <text>%E5%88%A0%E9%99%A4</text>
          <textHeight>28</textHeight>
          <font family="%E5%BE%AE%E8%BD%AF%E9%9B%85%E9%BB%91" displayName="%E5%BE%AE%E8%BD%AF%E9%9B%85%E9%BB%91" postScript="" weightStyle="Regular" weight="400" isBold="False" isItalic="False"/>
        </cell>
        <cell rows="2,2" cols="0,0">
          <fontSize>12</fontSize>
          <textHAlign>HaCenter</textHAlign>
          <textVAlign>VaMiddle</textVAlign>
          <textColor>4278190080</textColor>
          <textWordWrap>True</textWordWrap>
          <fontFamily>%E5%BE%AE%E8%BD%AF%E9%9B%85%E9%BB%91</fontFamily>
          <fontWeight>Regular</fontWeight>
          <textStyles>[]</textStyles>
          <text>1005312</text>
          <textHeight>28</textHeight>
          <font family="%E5%BE%AE%E8%BD%AF%E9%9B%85%E9%BB%91" displayName="%E5%BE%AE%E8%BD%AF%E9%9B%85%E9%BB%91" postScript="" weightStyle="Regular" weight="400" isBold="False" isItalic="False"/>
        </cell>
        <cell rows="2,2" cols="1,1">
          <fontSize>12</fontSize>
          <textHAlign>HaCenter</textHAlign>
          <textVAlign>VaMiddle</textVAlign>
          <textColor>4278190080</textColor>
          <textWordWrap>True</textWordWrap>
          <fontFamily>%E5%BE%AE%E8%BD%AF%E9%9B%85%E9%BB%91</fontFamily>
          <fontWeight>Regular</fontWeight>
          <textStyles>[]</textStyles>
          <text>%E5%A4%A7%E8%8A%B1%E7%94%9F</text>
          <textHeight>28</textHeight>
          <font family="%E5%BE%AE%E8%BD%AF%E9%9B%85%E9%BB%91" displayName="%E5%BE%AE%E8%BD%AF%E9%9B%85%E9%BB%91" postScript="" weightStyle="Regular" weight="400" isBold="False" isItalic="False"/>
        </cell>
        <cell rows="2,2" cols="2,2">
          <fontSize>12</fontSize>
          <textHAlign>HaCenter</textHAlign>
          <textVAlign>VaMiddle</textVAlign>
          <textColor>4278190080</textColor>
          <textWordWrap>True</textWordWrap>
          <fontFamily>%E5%BE%AE%E8%BD%AF%E9%9B%85%E9%BB%91</fontFamily>
          <fontWeight>Regular</fontWeight>
          <textStyles>[]</textStyles>
          <text>5</text>
          <textHeight>28</textHeight>
          <font family="%E5%BE%AE%E8%BD%AF%E9%9B%85%E9%BB%91" displayName="%E5%BE%AE%E8%BD%AF%E9%9B%85%E9%BB%91" postScript="" weightStyle="Regular" weight="400" isBold="False" isItalic="False"/>
        </cell>
        <cell rows="2,2" cols="3,3">
          <fontSize>12</fontSize>
          <textHAlign>HaCenter</textHAlign>
          <textVAlign>VaMiddle</textVAlign>
          <textColor>4278190335</textColor>
          <textWordWrap>True</textWordWrap>
          <fontFamily>%E5%BE%AE%E8%BD%AF%E9%9B%85%E9%BB%91</fontFamily>
          <fontWeight>Regular</fontWeight>
          <textStyles>[]</textStyles>
          <text>%E5%88%A0%E9%99%A4</text>
          <textHeight>28</textHeight>
          <font family="%E5%BE%AE%E8%BD%AF%E9%9B%85%E9%BB%91" displayName="%E5%BE%AE%E8%BD%AF%E9%9B%85%E9%BB%91" postScript="" weightStyle="Regular" weight="400" isBold="False" isItalic="False"/>
        </cell>
        <cell rows="3,3" cols="0,0">
          <fontFamily>%E5%BE%AE%E8%BD%AF%E9%9B%85%E9%BB%91</fontFamily>
          <fontWeight>Regular</fontWeight>
          <textStyles>[]</textStyles>
          <textHeight>12</textHeight>
          <font family="%E5%BE%AE%E8%BD%AF%E9%9B%85%E9%BB%91" displayName="%E5%BE%AE%E8%BD%AF%E9%9B%85%E9%BB%91" postScript="" weightStyle="Regular" weight="400" isBold="False" isItalic="False"/>
        </cell>
        <cell rows="3,3" cols="1,1">
          <fontFamily>%E5%BE%AE%E8%BD%AF%E9%9B%85%E9%BB%91</fontFamily>
          <fontWeight>Regular</fontWeight>
          <textStyles>[]</textStyles>
          <textHeight>12</textHeight>
          <font family="%E5%BE%AE%E8%BD%AF%E9%9B%85%E9%BB%91" displayName="%E5%BE%AE%E8%BD%AF%E9%9B%85%E9%BB%91" postScript="" weightStyle="Regular" weight="400" isBold="False" isItalic="False"/>
        </cell>
        <cell rows="3,3" cols="2,2">
          <fontFamily>%E5%BE%AE%E8%BD%AF%E9%9B%85%E9%BB%91</fontFamily>
          <fontWeight>Regular</fontWeight>
          <textStyles>[]</textStyles>
          <textHeight>12</textHeight>
          <font family="%E5%BE%AE%E8%BD%AF%E9%9B%85%E9%BB%91" displayName="%E5%BE%AE%E8%BD%AF%E9%9B%85%E9%BB%91" postScript="" weightStyle="Regular" weight="400" isBold="False" isItalic="False"/>
        </cell>
        <cell rows="3,3" cols="3,3">
          <fontFamily>%E5%BE%AE%E8%BD%AF%E9%9B%85%E9%BB%91</fontFamily>
          <fontWeight>Regular</fontWeight>
          <textStyles>[]</textStyles>
          <textHeight>12</textHeight>
          <font family="%E5%BE%AE%E8%BD%AF%E9%9B%85%E9%BB%91" displayName="%E5%BE%AE%E8%BD%AF%E9%9B%85%E9%BB%91" postScript="" weightStyle="Regular" weight="400" isBold="False" isItalic="False"/>
        </cell>
      </cells>
      <rows>
        <row height="44">
          <fontFamily/>
          <fontWeight>Regular</fontWeight>
          <textStyles>[]</textStyles>
          <isAutoRowHeight>True</isAutoRowHeight>
        </row>
        <row height="30">
          <fontFamily/>
          <fontWeight>Regular</fontWeight>
          <textStyles>[]</textStyles>
          <isAutoRowHeight>True</isAutoRowHeight>
        </row>
        <row height="30">
          <fontFamily/>
          <fontWeight>Regular</fontWeight>
          <textStyles>[]</textStyles>
          <isAutoRowHeight>True</isAutoRowHeight>
        </row>
        <row height="30">
          <fontFamily/>
          <fontWeight>Regular</fontWeight>
          <textStyles>[]</textStyles>
          <isAutoRowHeight>True</isAutoRowHeight>
        </row>
      </rows>
      <cols>
        <col width="75">
          <fontFamily/>
          <fontWeight>Regular</fontWeight>
          <textStyles>[]</textStyles>
        </col>
        <col width="78">
          <fontFamily/>
          <fontWeight>Regular</fontWeight>
          <textStyles>[]</textStyles>
        </col>
        <col width="77">
          <fontFamily/>
          <fontWeight>Regular</fontWeight>
          <textStyles>[]</textStyles>
        </col>
        <col width="78">
          <fontFamily/>
          <fontWeight>Regular</fontWeight>
          <textStyles>[]</textStyles>
        </col>
      </cols>
    </control>
    <control controlID="2DB71E63-2A58-455B-B67A-C8D7D71F43DA" controlTypeID="TextInput" x="461" y="98" w="138" h="24" zOrder="8">
      <font family="%E5%BE%AE%E8%BD%AF%E9%9B%85%E9%BB%91" displayName="%E5%BE%AE%E8%BD%AF%E9%9B%85%E9%BB%91" postScript="" weightStyle="Regular" weight="400" isBold="False" isItalic="False"/>
      <textSize>12</textSize>
      <lineSpacing>0</lineSpacing>
      <selectedIndex>-1</selectedIndex>
      <placeHolder>%E4%B8%BB%E6%92%ADID</placeHolder>
    </control>
    <control controlID="6FC6F660-4226-457C-87AE-E3CB4A58A5B3" controlTypeID="Button" x="616" y="101" w="65" h="21" zOrder="9">
      <font family="%E5%BE%AE%E8%BD%AF%E9%9B%85%E9%BB%91" displayName="%E5%BE%AE%E8%BD%AF%E9%9B%85%E9%BB%91" postScript="" weightStyle="Regular" weight="400" isBold="False" isItalic="False"/>
      <text>%E6%90%9C%E7%B4%A2</text>
      <textSize>12</textSize>
      <lineSpacing>0</lineSpacing>
      <selectedIndex>-1</selectedIndex>
      <radius>4</radius>
    </control>
    <control controlID="60F197A8-A69A-430C-8139-95CACCB4735D" controlTypeID="StickyNote" x="891" y="269" w="309" h="325" zOrder="10">
      <font family="%E5%BE%AE%E8%BD%AF%E9%9B%85%E9%BB%91" displayName="%E5%BE%AE%E8%BD%AF%E9%9B%85%E9%BB%91" postScript="" weightStyle="Regular" weight="400" isBold="False" isItalic="False"/>
      <text>%E6%96%B0%E5%A2%9E%E5%8A%9F%E8%83%BD%EF%BC%9A%E7%A6%81%E6%92%AD%0D%0A%E5%AE%B6%E6%97%8F%E9%95%BF%E4%BB%85%E5%8F%AF%E7%A6%81%E6%92%AD%E8%87%AA%E5%B7%B1%E5%AE%B6%E6%97%8F%E4%B8%BB%E6%92%AD%EF%BC%8C%E5%8F%AF%E8%87%AA%E5%AE%9A%E4%B9%89%E7%A6%81%E6%92%AD%E6%97%B6%E9%97%B4%0D%0A%0D%0A%E5%AE%B6%E6%97%8F%E9%95%BF%E7%A6%81%E6%92%AD%E4%B8%BB%E6%92%AD%E7%AB%AF%E5%BC%B9%E7%AA%97%E6%8F%90%E7%A4%BA%EF%BC%9A%E6%82%A8%E5%B7%B2%E8%A2%AB%E5%AE%B6%E6%97%8F%E9%95%BF%E7%A6%81%E6%92%ADXX%E5%A4%A9%EF%BC%8C%E8%AF%A6%E6%83%85%E8%AF%B7%E5%92%A8%E8%AF%A2%E5%AE%B6%E6%97%8F%E9%95%BF%EF%BC%81%EF%BC%9B%E7%82%B9%E5%87%BB%E7%A1%AE%E5%AE%9A%E5%85%B3%E9%97%AD%E5%BC%B9%E7%AA%97%0D%0A%0D%0A%E5%BD%93%E4%B8%BB%E6%92%AD%E5%A4%84%E4%BA%8E%E5%AE%B6%E6%97%8F%E9%95%BF%E7%A6%81%E6%92%AD%E7%8A%B6%E6%80%81%E6%97%B6%EF%BC%9A%E7%A6%81%E6%92%AD%E6%8C%89%E9%92%AE%E6%98%BE%E7%A4%BA%E4%B8%BA%E2%80%9C%E8%A7%A3%E7%A6%81%E2%80%9D%E7%82%B9%E5%87%BB%E5%8D%B3%E8%A7%A3%E9%99%A4%E7%A6%81%E6%92%AD%0D%0A%0D%0A</text>
    </control>
    <control controlID="3DAC1CF8-35C5-4CA6-B526-7D62AAAC4F09" controlTypeID="PopupPanel" x="831" y="220" w="46" h="46" zOrder="11">
      <groupChildrenDescriptors>
        <control controlID="80EFC3DD-8AD4-4FB4-9B6F-1AAE53773C84" controlTypeID="Panel" x="0" y="0" w="6000" h="6000" zOrder="0">
          <locked>True</locked>
          <color>1879048192</color>
          <borderVisible>False</borderVisible>
          <canMove>False</canMove>
          <alias>background</alias>
          <groupChildrenDescriptors>
            <control controlID="1A3EADCA-5100-457B-9ADD-D206950A46B3" controlTypeID="Border" x="0" y="0" w="6000" h="6000" zOrder="0">
              <borderVisible>False</borderVisible>
              <alias>borderLayer</alias>
            </control>
          </groupChildrenDescriptors>
          <thinkness>1</thinkness>
        </control>
        <control controlID="AD4D3B83-5C65-499C-B36C-07B37B5F1099" controlTypeID="PopupPanelContent" x="454" y="235" w="299" h="275" zOrder="1">
          <color>16777215</color>
          <alias>content</alias>
          <groupChildrenDescriptors>
            <control controlID="54F6D355-9582-4799-8DC3-B61F1C1C3636" controlTypeID="Shape" x="0" y="0" w="299" h="275" zOrder="0">
              <font family="%E5%BE%AE%E8%BD%AF%E9%9B%85%E9%BB%91" displayName="%E5%BE%AE%E8%BD%AF%E9%9B%85%E9%BB%91" postScript="" weightStyle="Regular" weight="400" isBold="False" isItalic="False"/>
              <selectedIndex>-1</selectedIndex>
            </control>
            <control controlID="500FA987-66D6-4CBA-A197-52FC3D4D86D4" controlTypeID="Label" x="55" y="43" w="36" h="16" zOrder="1">
              <font family="%E5%BE%AE%E8%BD%AF%E9%9B%85%E9%BB%91" displayName="%E5%BE%AE%E8%BD%AF%E9%9B%85%E9%BB%91" postScript="" weightStyle="Regular" weight="400" isBold="False" isItalic="False"/>
              <text>%E4%B8%BB%E6%92%ADID</text>
              <textSize>12</textSize>
              <lineSpacing>0</lineSpacing>
              <selectedIndex>-1</selectedIndex>
            </control>
            <control controlID="68F512A1-3C60-417A-8B8C-3BBBE98484EB" controlTypeID="Label" x="55" y="83" w="52" h="16" zOrder="2">
              <font family="%E5%BE%AE%E8%BD%AF%E9%9B%85%E9%BB%91" displayName="%E5%BE%AE%E8%BD%AF%E9%9B%85%E9%BB%91" postScript="" weightStyle="Regular" weight="400" isBold="False" isItalic="False"/>
              <text>%E4%B8%BB%E6%92%AD%E6%98%B5%E7%A7%B0%EF%BC%9A</text>
              <textSize>12</textSize>
              <lineSpacing>0</lineSpacing>
              <selectedIndex>-1</selectedIndex>
            </control>
            <control controlID="0186733E-FF42-48F5-B3FB-7395A56B221F" controlTypeID="Label" x="55" y="120" w="48" h="16" zOrder="3">
              <font family="%E5%BE%AE%E8%BD%AF%E9%9B%85%E9%BB%91" displayName="%E5%BE%AE%E8%BD%AF%E9%9B%85%E9%BB%91" postScript="" weightStyle="Regular" weight="400" isBold="False" isItalic="False"/>
              <text>%E7%A6%81%E6%92%AD%E6%97%B6%E9%95%BF</text>
              <textSize>12</textSize>
              <lineSpacing>0</lineSpacing>
              <selectedIndex>-1</selectedIndex>
            </control>
            <control controlID="459F5B9B-A718-4D10-BE86-9DA083D12418" controlTypeID="Shape" x="114" y="37" w="119" h="22" zOrder="4">
              <font family="%E5%BE%AE%E8%BD%AF%E9%9B%85%E9%BB%91" displayName="%E5%BE%AE%E8%BD%AF%E9%9B%85%E9%BB%91" postScript="" weightStyle="Regular" weight="400" isBold="False" isItalic="False"/>
              <selectedIndex>-1</selectedIndex>
            </control>
            <control controlID="880EA13D-78AC-4430-B192-837976E0087A" controlTypeID="Shape" x="118" y="117" w="71" h="22" zOrder="5">
              <font family="%E5%BE%AE%E8%BD%AF%E9%9B%85%E9%BB%91" displayName="%E5%BE%AE%E8%BD%AF%E9%9B%85%E9%BB%91" postScript="" weightStyle="Regular" weight="400" isBold="False" isItalic="False"/>
              <selectedIndex>-1</selectedIndex>
            </control>
            <control controlID="DC9E9FAE-8CAD-489D-8977-3502E21443FF" controlTypeID="Label" x="206" y="120" w="24" h="16" zOrder="6">
              <font family="%E5%BE%AE%E8%BD%AF%E9%9B%85%E9%BB%91" displayName="%E5%BE%AE%E8%BD%AF%E9%9B%85%E9%BB%91" postScript="" weightStyle="Regular" weight="400" isBold="False" isItalic="False"/>
              <text>%E5%B0%8F%E6%97%B6</text>
              <textSize>12</textSize>
              <lineSpacing>0</lineSpacing>
              <selectedIndex>-1</selectedIndex>
            </control>
            <control controlID="8EF2E0A4-41E8-4DE9-85DF-7278B00A1173" controlTypeID="Button" x="42" y="223" w="215" h="36" zOrder="7">
              <font family="%E5%BE%AE%E8%BD%AF%E9%9B%85%E9%BB%91" displayName="%E5%BE%AE%E8%BD%AF%E9%9B%85%E9%BB%91" postScript="" weightStyle="Regular" weight="400" isBold="False" isItalic="False"/>
              <text>%E7%A1%AE%E5%AE%9A</text>
              <textSize>12</textSize>
              <lineSpacing>0</lineSpacing>
              <selectedIndex>-1</selectedIndex>
              <radius>4</radius>
            </control>
          </groupChildrenDescriptors>
        </control>
      </groupChildrenDescriptors>
    </control>
  </controls>
  <param>
    <backgroundColor>4294967295</backgroundColor>
    <fontSize>0</fontSize>
    <fontFamily/>
    <guideLines/>
  </param>
</mockup>