﻿<mockup version="5.3" minAllowVersion="5.3" ID="23910AE4-3A00-4F06-A81C-0CC1C3A874A8" platform="MtBlank" defaultW="6000" defaultH="6000" measureW="6000" measureH="6000" mobileScreenScale="0">
  <controls controlCount="34">
    <control controlID="E11F102F-85E8-45D8-97E6-55150A8E7043" controlTypeID="IPhone2" x="120" y="57" w="400" h="800" zOrder="0"/>
    <control controlID="16C4B5FA-05FF-4674-83CF-FB74832A4245" controlTypeID="Shape" x="157" y="229" w="158" h="256" zOrder="1">
      <font family="%E5%BE%AE%E8%BD%AF%E9%9B%85%E9%BB%91" displayName="%E5%BE%AE%E8%BD%AF%E9%9B%85%E9%BB%91" postScript="" weightStyle="Regular" weight="400" isBold="False" isItalic="False"/>
      <selectedIndex>-1</selectedIndex>
    </control>
    <control controlID="6319FCDC-88EB-4DBE-B0CD-8AD8F56C0691" controlTypeID="Shape" x="331" y="229" w="158" h="256" zOrder="2">
      <font family="%E5%BE%AE%E8%BD%AF%E9%9B%85%E9%BB%91" displayName="%E5%BE%AE%E8%BD%AF%E9%9B%85%E9%BB%91" postScript="" weightStyle="Regular" weight="400" isBold="False" isItalic="False"/>
      <selectedIndex>-1</selectedIndex>
    </control>
    <control controlID="881120BC-ADB3-4A9B-86EE-5E58D4A9F72C" controlTypeID="Circle" x="152" y="171" w="52" h="52" zOrder="3">
      <font family="%E5%BE%AE%E8%BD%AF%E9%9B%85%E9%BB%91" displayName="%E5%BE%AE%E8%BD%AF%E9%9B%85%E9%BB%91" postScript="" weightStyle="Regular" weight="400" isBold="False" isItalic="False"/>
      <text>%E6%8E%A5%E6%94%B6%E6%96%B9</text>
      <selectedIndex>-1</selectedIndex>
      <shapeBorderType>SbEllipse</shapeBorderType>
    </control>
    <control controlID="A82EECF8-0474-4F9F-BCA4-91D4F3E81928" controlTypeID="Label" x="274" y="239" w="23" h="16" zOrder="4">
      <font family="%E5%BE%AE%E8%BD%AF%E9%9B%85%E9%BB%91" displayName="%E5%BE%AE%E8%BD%AF%E9%9B%85%E9%BB%91" postScript="" weightStyle="Regular" weight="400" isBold="False" isItalic="False"/>
      <text>%E4%B8%BB%E5%9C%BA</text>
      <textColor>4294901760</textColor>
      <textSize>12</textSize>
      <lineSpacing>0</lineSpacing>
      <useDefaultTextSize>False</useDefaultTextSize>
      <selectedIndex>-1</selectedIndex>
    </control>
    <control controlID="1CD6389B-163B-44F2-ADCF-20A57970F110" controlTypeID="Button" x="414" y="237" w="65" h="21" zOrder="5">
      <color>4291611852</color>
      <font family="%E5%BE%AE%E8%BD%AF%E9%9B%85%E9%BB%91" displayName="%E5%BE%AE%E8%BD%AF%E9%9B%85%E9%BB%91" postScript="" weightStyle="Regular" weight="400" isBold="False" isItalic="False"/>
      <text>%E8%BF%9B%E5%85%A5%E7%9B%B4%E6%92%AD%E9%97%B4</text>
      <textSize>12</textSize>
      <lineSpacing>0</lineSpacing>
      <selectedIndex>-1</selectedIndex>
      <radius>4</radius>
    </control>
    <control controlID="AD0F7D4B-BB48-4E44-89A5-D978ED4F3475" controlTypeID="Label" x="212" y="345" w="60" h="16" zOrder="6">
      <font family="%E5%BE%AE%E8%BD%AF%E9%9B%85%E9%BB%91" displayName="%E5%BE%AE%E8%BD%AF%E9%9B%85%E9%BB%91" postScript="" weightStyle="Regular" weight="400" isBold="False" isItalic="False"/>
      <text>%E6%8E%A5%E6%94%B6%E6%96%B9%E8%A7%86%E9%A2%91</text>
      <textSize>12</textSize>
      <lineSpacing>0</lineSpacing>
      <selectedIndex>-1</selectedIndex>
    </control>
    <control controlID="A47BB683-EC8F-4528-9B27-EB7DAF16AE59" controlTypeID="Label" x="387" y="345" w="60" h="16" zOrder="7">
      <font family="%E5%BE%AE%E8%BD%AF%E9%9B%85%E9%BB%91" displayName="%E5%BE%AE%E8%BD%AF%E9%9B%85%E9%BB%91" postScript="" weightStyle="Regular" weight="400" isBold="False" isItalic="False"/>
      <text>%E5%8F%91%E8%B5%B7%E6%96%B9%E8%A7%86%E9%A2%91</text>
      <textSize>12</textSize>
      <lineSpacing>0</lineSpacing>
      <selectedIndex>-1</selectedIndex>
    </control>
    <control controlID="E36F409C-EF4E-4D37-9DD4-41E224F44C09" controlTypeID="ProgressBar" x="181" y="528" w="286" h="20" zOrder="8">
      <progress>70</progress>
    </control>
    <control controlID="98EA484B-E167-4A2C-90C3-B3D488575589" controlTypeID="Label" x="210" y="530" w="21" h="16" zOrder="9">
      <font family="%E5%BE%AE%E8%BD%AF%E9%9B%85%E9%BB%91" displayName="%E5%BE%AE%E8%BD%AF%E9%9B%85%E9%BB%91" postScript="" weightStyle="Regular" weight="400" isBold="False" isItalic="False"/>
      <text>700</text>
      <textSize>12</textSize>
      <lineSpacing>0</lineSpacing>
      <selectedIndex>-1</selectedIndex>
    </control>
    <control controlID="88B4972A-9ADA-4222-8FF3-FCD1D68799DC" controlTypeID="Label" x="393" y="530" w="21" h="16" zOrder="10">
      <font family="%E5%BE%AE%E8%BD%AF%E9%9B%85%E9%BB%91" displayName="%E5%BE%AE%E8%BD%AF%E9%9B%85%E9%BB%91" postScript="" weightStyle="Regular" weight="400" isBold="False" isItalic="False"/>
      <text>300</text>
      <textSize>12</textSize>
      <lineSpacing>0</lineSpacing>
      <selectedIndex>-1</selectedIndex>
    </control>
    <control controlID="035FF346-642E-43E2-8C74-BF1565CC278A" controlTypeID="Icon" x="306" y="495" w="24" h="24" zOrder="11">
      <icon>
        <ID/>
        <iconFontName>jdIonicons</iconFontName>
        <iconCode>62233</iconCode>
      </icon>
      <URL>713CF42FD64030D25A648407D6E1482C.svg</URL>
    </control>
    <control controlID="C07DC227-3844-4374-940D-6947C6FB18E9" controlTypeID="Label" x="152" y="557" w="24" h="16" zOrder="12">
      <font family="%E5%BE%AE%E8%BD%AF%E9%9B%85%E9%BB%91" displayName="%E5%BE%AE%E8%BD%AF%E9%9B%85%E9%BB%91" postScript="" weightStyle="Regular" weight="400" isBold="False" isItalic="False"/>
      <text>%E6%88%91%E6%96%B9</text>
      <textSize>12</textSize>
      <lineSpacing>0</lineSpacing>
      <selectedIndex>-1</selectedIndex>
    </control>
    <control controlID="F51830C0-1168-491F-ACD8-BB4411E51BEC" controlTypeID="Label" x="463" y="558" w="24" h="16" zOrder="13">
      <font family="%E5%BE%AE%E8%BD%AF%E9%9B%85%E9%BB%91" displayName="%E5%BE%AE%E8%BD%AF%E9%9B%85%E9%BB%91" postScript="" weightStyle="Regular" weight="400" isBold="False" isItalic="False"/>
      <text>%E6%95%8C%E6%96%B9</text>
      <textSize>12</textSize>
      <lineSpacing>0</lineSpacing>
      <selectedIndex>-1</selectedIndex>
    </control>
    <control controlID="9872B811-7522-4A4E-8520-CC7D38686C83" controlTypeID="Label" x="302" y="555" w="31" h="22" zOrder="14">
      <font family="%E5%BE%AE%E8%BD%AF%E9%9B%85%E9%BB%91" displayName="%E5%BE%AE%E8%BD%AF%E9%9B%85%E9%BB%91" postScript="" weightStyle="Regular" weight="400" isBold="False" isItalic="False"/>
      <text>4%3A55</text>
      <textSize>16</textSize>
      <lineSpacing>0</lineSpacing>
      <useDefaultTextSize>False</useDefaultTextSize>
      <selectedIndex>-1</selectedIndex>
    </control>
    <control controlID="632CC472-D286-4C94-BDCA-69247A7F2756" controlTypeID="Icon" x="465" y="744" w="24" h="24" zOrder="15">
      <interactiveData>
        <entry title="">
          <area shape="0" alt="" ID="{F6E11B78-150D-40EE-93B1-D0650644E9C3}" coords="(0,0,24,24)"/>
          <events title="">
            <event eventType="atClick" isChecked="True">
              <behaviour title="" isChecked="True" isWait="False" isLoop="False" execMode="emParallel">
                <target targetID="CB80ABE8-EE24-47E6-BA75-9836FF0D9AAB" isChecked="True" isAutoRecovery="False" isLoop="False" execMode="emSequence">
                  <command name="Popup State Change" isChecked="True" descrition="">
                    <param name="AniInterpolation" value="0" varType="3" description=""/>
                    <param name="AniDuration" value="200" varType="3" description=""/>
                    <param name="AniAutoReverse" value="False" varType="11" description=""/>
                    <param name="AniLoop" value="False" varType="11" description=""/>
                    <param name="AniInterpolationTypeOut" value="False" varType="11" description=""/>
                    <param name="Delay" value="0" varType="3" description=""/>
                    <param name="Value" value="2" varType="3" description=""/>
                    <param name="AniType" value="0" varType="3" description=""/>
                  </command>
                </target>
              </behaviour>
            </event>
          </events>
        </entry>
      </interactiveData>
      <icon>
        <ID/>
        <iconFontName>jdIonicons</iconFontName>
        <iconCode>62318</iconCode>
      </icon>
      <URL>DB7FC814F441C17601BBA7EA29C0CC4C.svg</URL>
    </control>
    <control controlID="D1EAD7BE-1D00-4066-B63E-97066B978177" controlTypeID="Circle" x="256" y="577" w="33" h="33" zOrder="16">
      <font family="%E5%BE%AE%E8%BD%AF%E9%9B%85%E9%BB%91" displayName="%E5%BE%AE%E8%BD%AF%E9%9B%85%E9%BB%91" postScript="" weightStyle="Regular" weight="400" isBold="False" isItalic="False"/>
      <text>%E7%94%A8%E6%88%B7%E5%A4%B4%E5%83%8F</text>
      <textSize>10</textSize>
      <useDefaultTextSize>False</useDefaultTextSize>
      <selectedIndex>-1</selectedIndex>
      <shapeBorderType>SbEllipse</shapeBorderType>
    </control>
    <control controlID="DCE6A895-5790-4701-AB01-90D03C0D5BCC" controlTypeID="Circle" x="420" y="577" w="33" h="33" zOrder="17">
      <font family="%E5%BE%AE%E8%BD%AF%E9%9B%85%E9%BB%91" displayName="%E5%BE%AE%E8%BD%AF%E9%9B%85%E9%BB%91" postScript="" weightStyle="Regular" weight="400" isBold="False" isItalic="False"/>
      <text>%E7%94%A8%E6%88%B7%E5%A4%B4%E5%83%8F</text>
      <textSize>10</textSize>
      <useDefaultTextSize>False</useDefaultTextSize>
      <selectedIndex>-1</selectedIndex>
      <shapeBorderType>SbEllipse</shapeBorderType>
    </control>
    <control controlID="CA543538-76E9-4D1E-B49A-763EA488D02C" controlTypeID="Circle" x="217" y="578" w="33" h="33" zOrder="18">
      <font family="%E5%BE%AE%E8%BD%AF%E9%9B%85%E9%BB%91" displayName="%E5%BE%AE%E8%BD%AF%E9%9B%85%E9%BB%91" postScript="" weightStyle="Regular" weight="400" isBold="False" isItalic="False"/>
      <text>%E7%94%A8%E6%88%B7%E5%A4%B4%E5%83%8F</text>
      <textSize>10</textSize>
      <useDefaultTextSize>False</useDefaultTextSize>
      <selectedIndex>-1</selectedIndex>
      <shapeBorderType>SbEllipse</shapeBorderType>
    </control>
    <control controlID="5C969A95-00B7-4B06-BF06-2461610F1EEC" controlTypeID="Circle" x="381" y="578" w="33" h="33" zOrder="19">
      <font family="%E5%BE%AE%E8%BD%AF%E9%9B%85%E9%BB%91" displayName="%E5%BE%AE%E8%BD%AF%E9%9B%85%E9%BB%91" postScript="" weightStyle="Regular" weight="400" isBold="False" isItalic="False"/>
      <text>%E7%94%A8%E6%88%B7%E5%A4%B4%E5%83%8F</text>
      <textSize>10</textSize>
      <useDefaultTextSize>False</useDefaultTextSize>
      <selectedIndex>-1</selectedIndex>
      <shapeBorderType>SbEllipse</shapeBorderType>
    </control>
    <control controlID="B5D3DCAC-A154-4418-A554-AC2E0BC7FE29" controlTypeID="Circle" x="174" y="577" w="33" h="33" zOrder="20">
      <font family="%E5%BE%AE%E8%BD%AF%E9%9B%85%E9%BB%91" displayName="%E5%BE%AE%E8%BD%AF%E9%9B%85%E9%BB%91" postScript="" weightStyle="Regular" weight="400" isBold="False" isItalic="False"/>
      <text>%E7%94%A8%E6%88%B7%E5%A4%B4%E5%83%8F</text>
      <textSize>10</textSize>
      <useDefaultTextSize>False</useDefaultTextSize>
      <selectedIndex>-1</selectedIndex>
      <shapeBorderType>SbEllipse</shapeBorderType>
    </control>
    <control controlID="0B7E9760-F31B-414F-8FAB-D6EF09893B52" controlTypeID="Circle" x="338" y="577" w="33" h="33" zOrder="21">
      <font family="%E5%BE%AE%E8%BD%AF%E9%9B%85%E9%BB%91" displayName="%E5%BE%AE%E8%BD%AF%E9%9B%85%E9%BB%91" postScript="" weightStyle="Regular" weight="400" isBold="False" isItalic="False"/>
      <text>%E7%94%A8%E6%88%B7%E5%A4%B4%E5%83%8F</text>
      <textSize>10</textSize>
      <useDefaultTextSize>False</useDefaultTextSize>
      <selectedIndex>-1</selectedIndex>
      <shapeBorderType>SbEllipse</shapeBorderType>
    </control>
    <control controlID="BC4CCBB4-7B7B-46FA-AC37-2E672EDBC7EA" controlTypeID="Label" x="189" y="610" w="6" h="16" zOrder="22">
      <font family="%E5%BE%AE%E8%BD%AF%E9%9B%85%E9%BB%91" displayName="%E5%BE%AE%E8%BD%AF%E9%9B%85%E9%BB%91" postScript="" weightStyle="Regular" weight="400" isBold="False" isItalic="False"/>
      <text>3</text>
      <textSize>12</textSize>
      <lineSpacing>0</lineSpacing>
      <selectedIndex>-1</selectedIndex>
    </control>
    <control controlID="0B8373DF-959E-444E-96AF-D96E7E3A0626" controlTypeID="Label" x="354" y="611" w="4" h="16" zOrder="23">
      <font family="%E5%BE%AE%E8%BD%AF%E9%9B%85%E9%BB%91" displayName="%E5%BE%AE%E8%BD%AF%E9%9B%85%E9%BB%91" postScript="" weightStyle="Regular" weight="400" isBold="False" isItalic="False"/>
      <text>1</text>
      <textSize>12</textSize>
      <lineSpacing>0</lineSpacing>
      <selectedIndex>-1</selectedIndex>
    </control>
    <control controlID="5535AA41-8B58-4004-B642-4AEE40DFE914" controlTypeID="Label" x="231" y="610" w="6" h="16" zOrder="24">
      <font family="%E5%BE%AE%E8%BD%AF%E9%9B%85%E9%BB%91" displayName="%E5%BE%AE%E8%BD%AF%E9%9B%85%E9%BB%91" postScript="" weightStyle="Regular" weight="400" isBold="False" isItalic="False"/>
      <text>2</text>
      <textSize>12</textSize>
      <lineSpacing>0</lineSpacing>
      <selectedIndex>-1</selectedIndex>
    </control>
    <control controlID="E7961795-42D4-4B5C-83BF-74C67C7386B8" controlTypeID="Label" x="396" y="611" w="6" h="16" zOrder="25">
      <font family="%E5%BE%AE%E8%BD%AF%E9%9B%85%E9%BB%91" displayName="%E5%BE%AE%E8%BD%AF%E9%9B%85%E9%BB%91" postScript="" weightStyle="Regular" weight="400" isBold="False" isItalic="False"/>
      <text>2</text>
      <textSize>12</textSize>
      <lineSpacing>0</lineSpacing>
      <selectedIndex>-1</selectedIndex>
    </control>
    <control controlID="9E67555B-FB62-4A7E-8FDC-312D99C3700B" controlTypeID="Label" x="271" y="610" w="4" h="16" zOrder="26">
      <font family="%E5%BE%AE%E8%BD%AF%E9%9B%85%E9%BB%91" displayName="%E5%BE%AE%E8%BD%AF%E9%9B%85%E9%BB%91" postScript="" weightStyle="Regular" weight="400" isBold="False" isItalic="False"/>
      <text>1</text>
      <textSize>12</textSize>
      <lineSpacing>0</lineSpacing>
      <selectedIndex>-1</selectedIndex>
    </control>
    <control controlID="9916BA1D-E411-4082-AD46-A8F8DF8EA9E6" controlTypeID="Label" x="436" y="611" w="6" h="16" zOrder="27">
      <font family="%E5%BE%AE%E8%BD%AF%E9%9B%85%E9%BB%91" displayName="%E5%BE%AE%E8%BD%AF%E9%9B%85%E9%BB%91" postScript="" weightStyle="Regular" weight="400" isBold="False" isItalic="False"/>
      <text>3</text>
      <textSize>12</textSize>
      <lineSpacing>0</lineSpacing>
      <selectedIndex>-1</selectedIndex>
    </control>
    <control controlID="9CCFF7B7-716D-4507-B889-7E8E5037AA6C" controlTypeID="StickyNote" x="585" y="353" w="283" h="238" zOrder="28">
      <font family="%E5%BE%AE%E8%BD%AF%E9%9B%85%E9%BB%91" displayName="%E5%BE%AE%E8%BD%AF%E9%9B%85%E9%BB%91" postScript="" weightStyle="Regular" weight="400" isBold="False" isItalic="False"/>
      <text>1.%E7%94%A8%E6%88%B7%E4%BB%8E%E6%8E%A5%E6%94%B6%E6%96%B9%E7%9A%84%E7%9B%B4%E6%92%AD%E9%97%B4%E5%B0%81%E9%9D%A2%E8%BF%9B%E6%9D%A5%EF%BC%8C%E7%9B%B4%E6%92%AD%E9%97%B4%E7%9A%84%E6%A0%B7%E5%BC%8F%E3%80%82%0D%0A%0D%0A2..%E6%95%B4%E4%B8%AA%E7%9B%B4%E6%92%AD%E9%97%B4%E6%89%80%E6%9C%89%E6%A0%B7%E5%BC%8F%E4%B8%8D%E5%8F%98%EF%BC%8C%E6%89%80%E6%9C%89%E4%BF%A1%E6%81%AF%E6%98%BE%E7%A4%BA%E7%9A%84%E9%83%BD%E6%98%AF%E6%8E%A5%E6%94%B6%E6%96%B9%E7%9A%84%E7%9B%B4%E6%92%AD%E9%97%B4%E4%BF%A1%E6%81%AF%EF%BC%8C%E5%9C%A8%E8%BF%99%E4%B8%AA%E7%9B%B4%E6%92%AD%E9%97%B4%E9%80%81%E7%A4%BC%E5%AF%B9%E8%B1%A1%E9%83%BD%E6%98%AF%E6%8E%A5%E6%94%B6%E6%96%B9%E3%80%82%0D%0A%0D%0A3.%E7%82%B9%E5%87%BB%E8%BF%9B%E5%85%A5%E7%9B%B4%E6%92%AD%E9%97%B4%E5%8F%AF%E4%BB%A5%E8%BF%9B%E5%85%A5%E5%8F%91%E8%B5%B7%E6%96%B9%E7%9A%84%E7%9B%B4%E6%92%AD%E9%97%B4%0D%0A</text>
      <selectedIndex>-1</selectedIndex>
    </control>
    <control controlID="CB80ABE8-EE24-47E6-BA75-9836FF0D9AAB" controlTypeID="PopupPanel" x="646" y="158" w="46" h="46" zOrder="29">
      <groupChildrenDescriptors>
        <control controlID="4AFB80C1-86E0-4E79-9943-210F5B9021D6" controlTypeID="Panel" x="0" y="0" w="6000" h="6000" zOrder="0">
          <locked>True</locked>
          <color>1879048192</color>
          <borderVisible>False</borderVisible>
          <canMove>False</canMove>
          <alias>background</alias>
          <groupChildrenDescriptors>
            <control controlID="63F3F201-382B-4F4A-9D13-D26C599E3639" controlTypeID="Border" x="0" y="0" w="6000" h="6000" zOrder="0">
              <borderVisible>False</borderVisible>
              <alias>borderLayer</alias>
            </control>
          </groupChildrenDescriptors>
          <thinkness>1</thinkness>
        </control>
        <control controlID="F698D8D6-D77B-4588-B3D8-2AE3B1986397" controlTypeID="PopupPanelContent" x="539" y="417" w="277" h="159" zOrder="1">
          <color>16777215</color>
          <alias>content</alias>
          <groupChildrenDescriptors>
            <control controlID="3D5AB4E1-319A-4F77-93BD-6A5707379100" controlTypeID="Alert" x="0" y="0" w="277" h="159" zOrder="0">
              <font family="%E5%BE%AE%E8%BD%AF%E9%9B%85%E9%BB%91" displayName="%E5%BE%AE%E8%BD%AF%E9%9B%85%E9%BB%91" postScript="" weightStyle="Regular" weight="400" isBold="False" isItalic="False"/>
              <text>%E6%8F%90%E7%A4%BA%0D%0A%E7%A1%AE%E5%AE%9A%E8%A6%81%E9%80%80%E5%87%BA%E5%BD%93%E5%89%8DPK%E8%B5%9B%E5%90%97%3F%0D%0A%EF%BC%88%E5%BD%93%E5%89%8D%E9%80%80%E5%87%BA%E4%BC%9A%E7%9B%B4%E6%8E%A5%E8%BE%93%E6%8E%89PK%E8%B5%9B%EF%BC%89%0D%0A%E5%90%A6%2C%E6%98%AF</text>
              <lineSpacing>0</lineSpacing>
            </control>
          </groupChildrenDescriptors>
        </control>
      </groupChildrenDescriptors>
    </control>
  </controls>
  <param>
    <backgroundColor>4294967295</backgroundColor>
    <fontSize>0</fontSize>
    <fontFamily/>
    <guideLines/>
    <remark>1.%E7%94%A8%E6%88%B7%E4%BB%8E%E6%8E%A5%E6%94%B6%E6%96%B9%E7%9A%84%E7%9B%B4%E6%92%AD%E9%97%B4%E5%B0%81%E9%9D%A2%E8%BF%9B%E6%9D%A5%EF%BC%8C%E7%9B%B4%E6%92%AD%E9%97%B4%E7%9A%84%E6%A0%B7%E5%BC%8F%E3%80%82%0D%0A%0D%0A2..%E6%95%B4%E4%B8%AA%E7%9B%B4%E6%92%AD%E9%97%B4%E6%89%80%E6%9C%89%E6%A0%B7%E5%BC%8F%E4%B8%8D%E5%8F%98%EF%BC%8C%E6%89%80%E6%9C%89%E4%BF%A1%E6%81%AF%E6%98%BE%E7%A4%BA%E7%9A%84%E9%83%BD%E6%98%AF%E6%8E%A5%E6%94%B6%E6%96%B9%E7%9A%84%E7%9B%B4%E6%92%AD%E9%97%B4%E4%BF%A1%E6%81%AF%EF%BC%8C%E5%9C%A8%E8%BF%99%E4%B8%AA%E7%9B%B4%E6%92%AD%E9%97%B4%E9%80%81%E7%A4%BC%E5%AF%B9%E8%B1%A1%E9%83%BD%E6%98%AF%E6%8E%A5%E6%94%B6%E6%96%B9%E3%80%82%0D%0A%0D%0A3.%E7%82%B9%E5%87%BB%E8%BF%9B%E5%85%A5%E7%9B%B4%E6%92%AD%E9%97%B4%E5%8F%AF%E4%BB%A5%E8%BF%9B%E5%85%A5%E5%8F%91%E8%B5%B7%E6%96%B9%E7%9A%84%E7%9B%B4%E6%92%AD%E9%97%B4%0D%0A</remark>
  </param>
</mockup>