﻿<mockup version="5.3" minAllowVersion="5.3" ID="27F09434-4147-43C5-8FC3-2FB5D3E7F49C" platform="MtBlank" defaultW="6000" defaultH="6000" measureW="6000" measureH="6000" mobileScreenScale="0">
  <controls controlCount="37">
    <control controlID="76D78AE9-9000-4FAE-9799-2F2241DA8C98" controlTypeID="BrowserWindow" x="53" y="47" w="1097" h="830" zOrder="0">
      <font family="%E5%BE%AE%E8%BD%AF%E9%9B%85%E9%BB%91" displayName="%E5%BE%AE%E8%BD%AF%E9%9B%85%E9%BB%91" postScript="" weightStyle="Regular" weight="400" isBold="False" isItalic="False"/>
      <text>Mockplus%0D%0Ahttps%3A%2F%2Fwww.mockplus.cn</text>
      <textVAlign>VaTop</textVAlign>
      <lineSpacing>0</lineSpacing>
      <selectedIndex>-1</selectedIndex>
    </control>
    <control controlID="CBD32DAE-E870-4B52-9C2C-A5B24E73A23F" controlTypeID="Accordion" x="54" y="120" w="150" h="728" zOrder="1">
      <font family="%E5%BE%AE%E8%BD%AF%E9%9B%85%E9%BB%91" displayName="%E5%BE%AE%E8%BD%AF%E9%9B%85%E9%BB%91" postScript="" weightStyle="Regular" weight="400" isBold="False" isItalic="False"/>
      <text>%E5%B9%B3%E5%8F%B0%E9%85%8D%E7%BD%AE%0D%0A-%E5%A2%9E%E5%88%A0%E9%81%93%E5%85%B7%0D%0A</text>
      <lineSpacing>0</lineSpacing>
    </control>
    <control controlID="2AC737E2-9557-45C5-B522-8E49A89B7B24" controlTypeID="Shape" x="204" y="120" w="939" h="80" zOrder="2">
      <font family="%E5%BE%AE%E8%BD%AF%E9%9B%85%E9%BB%91" displayName="%E5%BE%AE%E8%BD%AF%E9%9B%85%E9%BB%91" postScript="" weightStyle="Regular" weight="400" isBold="False" isItalic="False"/>
      <selectedIndex>-1</selectedIndex>
    </control>
    <control controlID="DBC8A13E-AFF3-40E6-90D5-9AF42A34A631" controlTypeID="Button" x="779" y="146" w="70" h="28" zOrder="3">
      <interactiveData>
        <entry title="">
          <area shape="0" alt="" ID="{DF20E539-8652-4AB7-8370-A7E690AA3DDF}" coords="(0,0,70,28)"/>
          <events title="">
            <event eventType="atClick" isChecked="True">
              <behaviour title="" isChecked="True" isWait="False" isLoop="False" execMode="emParallel">
                <target targetID="740E0291-730A-4C1D-98D7-5BBAC66ED03D" isChecked="True" isAutoRecovery="False" isLoop="False" execMode="emSequence">
                  <command name="Popup State Change" isChecked="True" descrition="">
                    <param name="AniInterpolation" value="0" varType="3" description=""/>
                    <param name="AniDuration" value="200" varType="3" description=""/>
                    <param name="AniAutoReverse" value="False" varType="11" description=""/>
                    <param name="AniLoop" value="False" varType="11" description=""/>
                    <param name="AniInterpolationTypeOut" value="False" varType="11" description=""/>
                    <param name="Delay" value="0" varType="3" description=""/>
                    <param name="Value" value="2" varType="3" description=""/>
                    <param name="AniType" value="0" varType="3" description=""/>
                  </command>
                </target>
              </behaviour>
            </event>
          </events>
        </entry>
      </interactiveData>
      <font family="%E5%BE%AE%E8%BD%AF%E9%9B%85%E9%BB%91" displayName="%E5%BE%AE%E8%BD%AF%E9%9B%85%E9%BB%91" postScript="" weightStyle="Regular" weight="400" isBold="False" isItalic="False"/>
      <text>%E5%A2%9E%E5%8A%A0%E9%81%93%E5%85%B7</text>
      <textSize>12</textSize>
      <lineSpacing>0</lineSpacing>
      <selectedIndex>-1</selectedIndex>
      <radius>4</radius>
    </control>
    <control controlID="5C0BC910-F9C8-4C92-81FC-BF46DCA713D9" controlTypeID="Button" x="927" y="146" w="70" h="28" zOrder="4">
      <interactiveData>
        <entry title="">
          <area shape="0" alt="" ID="{43A923CC-5957-4216-94B5-0B47C59197A1}" coords="(0,0,70,28)"/>
          <events title="">
            <event eventType="atClick" isChecked="True">
              <behaviour title="" isChecked="True" isWait="False" isLoop="False" execMode="emParallel">
                <target targetID="3FCFF25A-D209-452C-95C8-176685BE8DA7" isChecked="True" isAutoRecovery="False" isLoop="False" execMode="emSequence">
                  <command name="Popup State Change" isChecked="True" descrition="">
                    <param name="AniInterpolation" value="0" varType="3" description=""/>
                    <param name="AniDuration" value="200" varType="3" description=""/>
                    <param name="AniAutoReverse" value="False" varType="11" description=""/>
                    <param name="AniLoop" value="False" varType="11" description=""/>
                    <param name="AniInterpolationTypeOut" value="False" varType="11" description=""/>
                    <param name="Delay" value="0" varType="3" description=""/>
                    <param name="Value" value="2" varType="3" description=""/>
                    <param name="AniType" value="0" varType="3" description=""/>
                  </command>
                </target>
              </behaviour>
            </event>
          </events>
        </entry>
      </interactiveData>
      <font family="%E5%BE%AE%E8%BD%AF%E9%9B%85%E9%BB%91" displayName="%E5%BE%AE%E8%BD%AF%E9%9B%85%E9%BB%91" postScript="" weightStyle="Regular" weight="400" isBold="False" isItalic="False"/>
      <text>%E5%88%A0%E9%99%A4%E9%81%93%E5%85%B7</text>
      <textSize>12</textSize>
      <lineSpacing>0</lineSpacing>
      <selectedIndex>-1</selectedIndex>
      <radius>4</radius>
    </control>
    <control controlID="740E0291-730A-4C1D-98D7-5BBAC66ED03D" controlTypeID="PopupPanel" x="741" y="278" w="46" h="46" zOrder="5">
      <groupChildrenDescriptors>
        <control controlID="122622C1-2C1B-4649-BCDC-4D9315C5A3FA" controlTypeID="Panel" x="0" y="0" w="6000" h="6000" zOrder="0">
          <locked>True</locked>
          <color>1879048192</color>
          <borderVisible>False</borderVisible>
          <canMove>False</canMove>
          <alias>background</alias>
          <groupChildrenDescriptors>
            <control controlID="0A4DC1FB-2C24-4A34-900A-EA39423190F3" controlTypeID="Border" x="0" y="0" w="6000" h="6000" zOrder="0">
              <borderVisible>False</borderVisible>
              <alias>borderLayer</alias>
            </control>
          </groupChildrenDescriptors>
          <thinkness>1</thinkness>
        </control>
        <control controlID="FB9B6D07-F253-495E-905D-3A39C4570080" controlTypeID="PopupPanelContent" x="381" y="276" w="505" h="426" zOrder="1">
          <color>16777215</color>
          <alias>content</alias>
          <groupChildrenDescriptors>
            <control controlID="61C13F1B-8C97-41EA-B720-01768EE85AE7" controlTypeID="Shape" x="0" y="0" w="505" h="426" zOrder="0">
              <font family="%E5%BE%AE%E8%BD%AF%E9%9B%85%E9%BB%91" displayName="%E5%BE%AE%E8%BD%AF%E9%9B%85%E9%BB%91" postScript="" weightStyle="Regular" weight="400" isBold="False" isItalic="False"/>
              <selectedIndex>-1</selectedIndex>
            </control>
            <control controlID="1CA5FC3D-CFB7-48AD-96AB-D8C007EBC9F4" controlTypeID="Label" x="118" y="47" w="36" h="16" zOrder="1">
              <font family="%E5%BE%AE%E8%BD%AF%E9%9B%85%E9%BB%91" displayName="%E5%BE%AE%E8%BD%AF%E9%9B%85%E9%BB%91" postScript="" weightStyle="Regular" weight="400" isBold="False" isItalic="False"/>
              <text>%E7%94%A8%E6%88%B7ID</text>
              <textSize>12</textSize>
              <lineSpacing>0</lineSpacing>
              <selectedIndex>-1</selectedIndex>
            </control>
            <control controlID="E10F91DD-EF76-4ADC-8BF5-50F01A77D9BE" controlTypeID="Label" x="112" y="103" w="52" h="16" zOrder="2">
              <font family="%E5%BE%AE%E8%BD%AF%E9%9B%85%E9%BB%91" displayName="%E5%BE%AE%E8%BD%AF%E9%9B%85%E9%BB%91" postScript="" weightStyle="Regular" weight="400" isBold="False" isItalic="False"/>
              <text>%E7%94%A8%E6%88%B7%E6%98%B5%E7%A7%B0%EF%BC%9A</text>
              <textSize>12</textSize>
              <lineSpacing>0</lineSpacing>
              <selectedIndex>-1</selectedIndex>
            </control>
            <control controlID="2D9760CA-E8D3-4B54-86A7-A778FAF656E5" controlTypeID="Label" x="110" y="172" w="48" h="16" zOrder="3">
              <font family="%E5%BE%AE%E8%BD%AF%E9%9B%85%E9%BB%91" displayName="%E5%BE%AE%E8%BD%AF%E9%9B%85%E9%BB%91" postScript="" weightStyle="Regular" weight="400" isBold="False" isItalic="False"/>
              <text>%E9%81%93%E5%85%B7%E5%90%8D%E7%A7%B0</text>
              <textSize>12</textSize>
              <lineSpacing>0</lineSpacing>
              <selectedIndex>-1</selectedIndex>
            </control>
            <control controlID="A41DE45A-7131-4EBA-86E0-18CBC9492020" controlTypeID="Label" x="106" y="251" w="48" h="16" zOrder="4">
              <font family="%E5%BE%AE%E8%BD%AF%E9%9B%85%E9%BB%91" displayName="%E5%BE%AE%E8%BD%AF%E9%9B%85%E9%BB%91" postScript="" weightStyle="Regular" weight="400" isBold="False" isItalic="False"/>
              <text>%E5%A2%9E%E5%8A%A0%E6%95%B0%E9%87%8F</text>
              <textSize>12</textSize>
              <lineSpacing>0</lineSpacing>
              <selectedIndex>-1</selectedIndex>
            </control>
            <control controlID="B8EFA05E-40A4-43F0-B13F-44E19B929BE1" controlTypeID="TextInput" x="199" y="43" w="138" h="24" zOrder="5">
              <font family="%E5%BE%AE%E8%BD%AF%E9%9B%85%E9%BB%91" displayName="%E5%BE%AE%E8%BD%AF%E9%9B%85%E9%BB%91" postScript="" weightStyle="Regular" weight="400" isBold="False" isItalic="False"/>
              <textSize>12</textSize>
              <lineSpacing>0</lineSpacing>
              <selectedIndex>-1</selectedIndex>
            </control>
            <control controlID="155C53FF-D97E-4952-B861-4B4B492873A2" controlTypeID="TextInput" x="194" y="243" w="138" h="24" zOrder="6">
              <font family="%E5%BE%AE%E8%BD%AF%E9%9B%85%E9%BB%91" displayName="%E5%BE%AE%E8%BD%AF%E9%9B%85%E9%BB%91" postScript="" weightStyle="Regular" weight="400" isBold="False" isItalic="False"/>
              <textSize>12</textSize>
              <lineSpacing>0</lineSpacing>
              <selectedIndex>-1</selectedIndex>
            </control>
            <control controlID="1DD45E72-C787-4835-A033-DCC8BD7D2F45" controlTypeID="CompositeComboBox" x="199" y="168" w="127" h="24" zOrder="7">
              <groupChildrenDescriptors>
                <control controlID="2FEAF19F-393C-47F2-9D18-F71684D97486" controlTypeID="TextInput" x="0" y="0" w="104" h="24" zOrder="0">
                  <locked>True</locked>
                  <canMove>False</canMove>
                  <alias>input</alias>
                  <font family="%E5%BE%AE%E8%BD%AF%E9%9B%85%E9%BB%91" displayName="%E5%BE%AE%E8%BD%AF%E9%9B%85%E9%BB%91" postScript="" weightStyle="Regular" weight="400" isBold="False" isItalic="False"/>
                  <text>%E4%B9%88%E4%B9%88%E4%B9%88</text>
                  <textSize>12</textSize>
                  <lineSpacing>0</lineSpacing>
                  <selectedIndex>-1</selectedIndex>
                </control>
                <control controlID="1776428C-D3FA-4076-9A52-1CBC84245D31" controlTypeID="Button" x="103" y="0" w="24" h="24" zOrder="1">
                  <locked>True</locked>
                  <canMove>False</canMove>
                  <alias>button</alias>
                  <font family="%E5%BE%AE%E8%BD%AF%E9%9B%85%E9%BB%91" displayName="%E5%BE%AE%E8%BD%AF%E9%9B%85%E9%BB%91" postScript="" weightStyle="Regular" weight="400" isBold="False" isItalic="False"/>
                  <textSize>12</textSize>
                  <lineSpacing>0</lineSpacing>
                  <selectedIndex>-1</selectedIndex>
                  <radius>0</radius>
                </control>
                <control controlID="7CDDD606-E4E6-4CFC-98C2-8999C32037BB" controlTypeID="List" x="0" y="24" w="127" h="74" zOrder="2">
                  <isShow>False</isShow>
                  <canMove>False</canMove>
                  <alias>dropDown</alias>
                  <font family="%E5%BE%AE%E8%BD%AF%E9%9B%85%E9%BB%91" displayName="%E5%BE%AE%E8%BD%AF%E9%9B%85%E9%BB%91" postScript="" weightStyle="Regular" weight="400" isBold="False" isItalic="False"/>
                  <text>%E4%B9%88%E4%B9%88%E4%B9%88%0D%0A%E5%93%88%E5%93%88%E5%93%88%0D%0A%E5%99%9C%E5%99%9C%E5%99%9C%0D%0A</text>
                  <lineSpacing>0</lineSpacing>
                  <itemHeight>24</itemHeight>
                  <interlaceColor>4294967295</interlaceColor>
                </control>
              </groupChildrenDescriptors>
              <baseHeight>24</baseHeight>
              <font family="%E5%BE%AE%E8%BD%AF%E9%9B%85%E9%BB%91"/>
            </control>
            <control controlID="63F87DA9-698C-4C4E-A9C1-3A3D9AC15245" controlTypeID="Button" x="157" y="344" w="169" h="28" zOrder="8">
              <font family="%E5%BE%AE%E8%BD%AF%E9%9B%85%E9%BB%91" displayName="%E5%BE%AE%E8%BD%AF%E9%9B%85%E9%BB%91" postScript="" weightStyle="Regular" weight="400" isBold="False" isItalic="False"/>
              <text>%E7%A1%AE%E8%AE%A4%E6%B7%BB%E5%8A%A0</text>
              <textSize>12</textSize>
              <lineSpacing>0</lineSpacing>
              <selectedIndex>-1</selectedIndex>
              <radius>4</radius>
            </control>
          </groupChildrenDescriptors>
        </control>
      </groupChildrenDescriptors>
    </control>
    <control controlID="3FCFF25A-D209-452C-95C8-176685BE8DA7" controlTypeID="PopupPanel" x="854" y="278" w="46" h="46" zOrder="6">
      <groupChildrenDescriptors>
        <control controlID="D1A9E1CF-FCC2-43BF-B939-3BDF3AF6BA85" controlTypeID="Panel" x="0" y="0" w="6000" h="6000" zOrder="0">
          <locked>True</locked>
          <color>1879048192</color>
          <borderVisible>False</borderVisible>
          <canMove>False</canMove>
          <alias>background</alias>
          <groupChildrenDescriptors>
            <control controlID="1603D803-E150-4AF1-B9AB-A8D53303505E" controlTypeID="Border" x="0" y="0" w="6000" h="6000" zOrder="0">
              <borderVisible>False</borderVisible>
              <alias>borderLayer</alias>
            </control>
          </groupChildrenDescriptors>
          <thinkness>1</thinkness>
        </control>
        <control controlID="8E4CEC53-ED8B-40CE-8AEA-F660229F03DC" controlTypeID="PopupPanelContent" x="423" y="219" w="505" h="426" zOrder="1">
          <color>16777215</color>
          <alias>content</alias>
          <groupChildrenDescriptors>
            <control controlID="227EB3C9-3B7E-40FF-A98E-B76B4A016FA2" controlTypeID="Shape" x="0" y="0" w="505" h="426" zOrder="0">
              <font family="%E5%BE%AE%E8%BD%AF%E9%9B%85%E9%BB%91" displayName="%E5%BE%AE%E8%BD%AF%E9%9B%85%E9%BB%91" postScript="" weightStyle="Regular" weight="400" isBold="False" isItalic="False"/>
              <selectedIndex>-1</selectedIndex>
            </control>
            <control controlID="1C9DCC9D-E1F6-44EC-9D2A-9F206486A29C" controlTypeID="Label" x="118" y="47" w="36" h="16" zOrder="1">
              <font family="%E5%BE%AE%E8%BD%AF%E9%9B%85%E9%BB%91" displayName="%E5%BE%AE%E8%BD%AF%E9%9B%85%E9%BB%91" postScript="" weightStyle="Regular" weight="400" isBold="False" isItalic="False"/>
              <text>%E7%94%A8%E6%88%B7ID</text>
              <textSize>12</textSize>
              <lineSpacing>0</lineSpacing>
              <selectedIndex>-1</selectedIndex>
            </control>
            <control controlID="67B30B27-445A-49C2-91DF-4337BB663AB8" controlTypeID="Label" x="112" y="103" w="52" h="16" zOrder="2">
              <font family="%E5%BE%AE%E8%BD%AF%E9%9B%85%E9%BB%91" displayName="%E5%BE%AE%E8%BD%AF%E9%9B%85%E9%BB%91" postScript="" weightStyle="Regular" weight="400" isBold="False" isItalic="False"/>
              <text>%E7%94%A8%E6%88%B7%E6%98%B5%E7%A7%B0%EF%BC%9A</text>
              <textSize>12</textSize>
              <lineSpacing>0</lineSpacing>
              <selectedIndex>-1</selectedIndex>
            </control>
            <control controlID="FFE3A273-CA51-4493-BDA5-7D1749634B25" controlTypeID="Label" x="110" y="172" w="48" h="16" zOrder="3">
              <font family="%E5%BE%AE%E8%BD%AF%E9%9B%85%E9%BB%91" displayName="%E5%BE%AE%E8%BD%AF%E9%9B%85%E9%BB%91" postScript="" weightStyle="Regular" weight="400" isBold="False" isItalic="False"/>
              <text>%E9%81%93%E5%85%B7%E5%90%8D%E7%A7%B0</text>
              <textSize>12</textSize>
              <lineSpacing>0</lineSpacing>
              <selectedIndex>-1</selectedIndex>
            </control>
            <control controlID="DE943431-CA7F-4D89-B0A3-EAF859AA1621" controlTypeID="Label" x="106" y="251" w="48" h="16" zOrder="4">
              <font family="%E5%BE%AE%E8%BD%AF%E9%9B%85%E9%BB%91" displayName="%E5%BE%AE%E8%BD%AF%E9%9B%85%E9%BB%91" postScript="" weightStyle="Regular" weight="400" isBold="False" isItalic="False"/>
              <text>%E5%88%A0%E9%99%A4%E6%95%B0%E9%87%8F</text>
              <textSize>12</textSize>
              <lineSpacing>0</lineSpacing>
              <selectedIndex>-1</selectedIndex>
            </control>
            <control controlID="1F6E1907-6807-4686-B493-E400DCFCBFF0" controlTypeID="TextInput" x="199" y="43" w="138" h="24" zOrder="5">
              <font family="%E5%BE%AE%E8%BD%AF%E9%9B%85%E9%BB%91" displayName="%E5%BE%AE%E8%BD%AF%E9%9B%85%E9%BB%91" postScript="" weightStyle="Regular" weight="400" isBold="False" isItalic="False"/>
              <textSize>12</textSize>
              <lineSpacing>0</lineSpacing>
              <selectedIndex>-1</selectedIndex>
            </control>
            <control controlID="04566966-DC8A-4AEA-9142-614A1266A7DC" controlTypeID="TextInput" x="194" y="243" w="138" h="24" zOrder="6">
              <font family="%E5%BE%AE%E8%BD%AF%E9%9B%85%E9%BB%91" displayName="%E5%BE%AE%E8%BD%AF%E9%9B%85%E9%BB%91" postScript="" weightStyle="Regular" weight="400" isBold="False" isItalic="False"/>
              <textSize>12</textSize>
              <lineSpacing>0</lineSpacing>
              <selectedIndex>-1</selectedIndex>
            </control>
            <control controlID="82A2C5BD-9AE3-4389-803F-699DD5015BB6" controlTypeID="CompositeComboBox" x="199" y="168" w="127" h="24" zOrder="7">
              <groupChildrenDescriptors>
                <control controlID="87E64206-CC82-42AC-B365-147F58064D3E" controlTypeID="TextInput" x="0" y="0" w="104" h="24" zOrder="0">
                  <locked>True</locked>
                  <canMove>False</canMove>
                  <alias>input</alias>
                  <font family="%E5%BE%AE%E8%BD%AF%E9%9B%85%E9%BB%91" displayName="%E5%BE%AE%E8%BD%AF%E9%9B%85%E9%BB%91" postScript="" weightStyle="Regular" weight="400" isBold="False" isItalic="False"/>
                  <text>%E4%B9%88%E4%B9%88%E4%B9%88</text>
                  <textSize>12</textSize>
                  <lineSpacing>0</lineSpacing>
                  <selectedIndex>-1</selectedIndex>
                </control>
                <control controlID="D0ACB4D9-A158-46D7-9606-5CCA45A7BF65" controlTypeID="Button" x="103" y="0" w="24" h="24" zOrder="1">
                  <locked>True</locked>
                  <canMove>False</canMove>
                  <alias>button</alias>
                  <font family="%E5%BE%AE%E8%BD%AF%E9%9B%85%E9%BB%91" displayName="%E5%BE%AE%E8%BD%AF%E9%9B%85%E9%BB%91" postScript="" weightStyle="Regular" weight="400" isBold="False" isItalic="False"/>
                  <textSize>12</textSize>
                  <lineSpacing>0</lineSpacing>
                  <selectedIndex>-1</selectedIndex>
                  <radius>0</radius>
                </control>
                <control controlID="5D558C78-4686-4C48-B7A2-936951CBF86C" controlTypeID="List" x="0" y="24" w="127" h="74" zOrder="2">
                  <isShow>False</isShow>
                  <canMove>False</canMove>
                  <alias>dropDown</alias>
                  <font family="%E5%BE%AE%E8%BD%AF%E9%9B%85%E9%BB%91" displayName="%E5%BE%AE%E8%BD%AF%E9%9B%85%E9%BB%91" postScript="" weightStyle="Regular" weight="400" isBold="False" isItalic="False"/>
                  <text>%E4%B9%88%E4%B9%88%E4%B9%88%0D%0A%E5%93%88%E5%93%88%E5%93%88%0D%0A%E5%99%9C%E5%99%9C%E5%99%9C%0D%0A</text>
                  <lineSpacing>0</lineSpacing>
                  <itemHeight>24</itemHeight>
                  <interlaceColor>4294967295</interlaceColor>
                </control>
              </groupChildrenDescriptors>
              <baseHeight>24</baseHeight>
              <font family="%E5%BE%AE%E8%BD%AF%E9%9B%85%E9%BB%91"/>
            </control>
            <control controlID="58304849-BF65-4897-8CB2-90C1AC972E97" controlTypeID="Button" x="157" y="344" w="169" h="28" zOrder="8">
              <font family="%E5%BE%AE%E8%BD%AF%E9%9B%85%E9%BB%91" displayName="%E5%BE%AE%E8%BD%AF%E9%9B%85%E9%BB%91" postScript="" weightStyle="Regular" weight="400" isBold="False" isItalic="False"/>
              <text>%E7%A1%AE%E8%AE%A4%E5%88%A0%E9%99%A4</text>
              <textSize>12</textSize>
              <lineSpacing>0</lineSpacing>
              <selectedIndex>-1</selectedIndex>
              <radius>4</radius>
            </control>
          </groupChildrenDescriptors>
        </control>
      </groupChildrenDescriptors>
    </control>
  </controls>
  <param>
    <backgroundColor>4294967295</backgroundColor>
    <fontSize>0</fontSize>
    <fontFamily/>
    <guideLines/>
  </param>
</mockup>