﻿<mockup version="5.3" minAllowVersion="5.3" ID="30B9424A-5A0C-4D64-B105-23FC597107EC" platform="MtBlank" defaultW="6000" defaultH="6000" measureW="6000" measureH="6000" mobileScreenScale="0">
  <controls controlCount="9">
    <control controlID="EBA46CF3-7016-4CDA-945C-231DEEDACA9D" controlTypeID="IPhone2" x="74" y="66" w="400" h="800" zOrder="0"/>
    <control controlID="FC303199-C324-4DAC-9D43-A74110FB64F8" controlTypeID="Shape" x="95" y="629" w="358" h="153" zOrder="1">
      <font family="%E5%BE%AE%E8%BD%AF%E9%9B%85%E9%BB%91" displayName="%E5%BE%AE%E8%BD%AF%E9%9B%85%E9%BB%91" postScript="" weightStyle="Regular" weight="400" isBold="False" isItalic="False"/>
      <selectedIndex>-1</selectedIndex>
    </control>
    <control controlID="CC8A85B9-7BA0-42C0-B8B8-7C49AF0B11C8" controlTypeID="ButtonBar" x="95" y="602" w="358" h="28" zOrder="2">
      <links eventType="AtClick" animate="AmNone" animateAutoDelay="0" animateDuration="500">
        <link targetPageID="30B9424A-5A0C-4D64-B105-23FC597107EC" linkType="ltPageLink" isApplyIncludePage="False" title="%E9%81%93%E5%85%B7">
          <area shape="0" alt="" ID="{74E1AD54-128E-4C03-BAD4-9AB4FE5CF2F7}" coords="(0.5,0.5,119.5,27.5)"/>
        </link>
        <link targetPageID="9541BF63-D518-4FD6-8359-99B583DAAB4D" linkType="ltPageLink" isApplyIncludePage="False" title="%E5%8B%8B%E7%AB%A0">
          <area shape="0" alt="" ID="{0B4AF784-EE47-4927-A657-D2DA4BB42FB1}" coords="(119.5,0.5,238.5,27.5)"/>
        </link>
        <link targetPageID="1181B28E-C6D0-4126-B2BB-A149114F2DFE" linkType="ltPageLink" isApplyIncludePage="False" title="%E8%BF%9B%E5%9C%BA%E7%89%B9%E6%95%88">
          <area shape="0" alt="" ID="{CD5B218F-0652-4E63-9621-D6FE1991E5F0}" coords="(238.5,0.5,357.5,27.5)"/>
        </link>
      </links>
      <font family="%E5%BE%AE%E8%BD%AF%E9%9B%85%E9%BB%91" displayName="%E5%BE%AE%E8%BD%AF%E9%9B%85%E9%BB%91" postScript="" weightStyle="Regular" weight="400" isBold="False" isItalic="False"/>
      <text>%E9%81%93%E5%85%B7%2C%E5%8B%8B%E7%AB%A0%2C%E8%BF%9B%E5%9C%BA%E7%89%B9%E6%95%88</text>
      <lineSpacing>0</lineSpacing>
    </control>
    <control controlID="AD592C1E-D3B6-4232-93C6-11745E2B57EE" controlTypeID="Shape" x="116" y="665" w="41" h="41" zOrder="3">
      <color>4288256409</color>
      <font family="%E5%BE%AE%E8%BD%AF%E9%9B%85%E9%BB%91" displayName="%E5%BE%AE%E8%BD%AF%E9%9B%85%E9%BB%91" postScript="" weightStyle="Regular" weight="400" isBold="False" isItalic="False"/>
      <selectedIndex>-1</selectedIndex>
    </control>
    <control controlID="3A099167-F54D-4938-9D7A-289F38637B0D" controlTypeID="Label" x="103" y="639" w="264" h="16" zOrder="4">
      <font family="%E5%BE%AE%E8%BD%AF%E9%9B%85%E9%BB%91" displayName="%E5%BE%AE%E8%BD%AF%E9%9B%85%E9%BB%91" postScript="" weightStyle="Regular" weight="400" isBold="False" isItalic="False"/>
      <text>%E8%BF%99%E9%87%8C%E6%98%AF%E4%B8%80%E8%A1%8C%E6%8F%8F%E8%BF%B0%E6%96%87%E5%AD%97%EF%BC%8C%E8%AF%B4%E6%98%8E%E9%81%93%E5%85%B7%E5%86%85%E5%AE%B9%EF%BC%8C%E5%90%8E%E5%8F%B0%E6%9D%A5%E9%85%8D%E7%BD%AE</text>
      <textSize>12</textSize>
      <lineSpacing>0</lineSpacing>
      <selectedIndex>-1</selectedIndex>
    </control>
    <control controlID="F0348E69-606F-4F26-8FF1-1173A1666139" controlTypeID="Label" x="123" y="711" w="24" h="16" zOrder="5">
      <font family="%E5%BE%AE%E8%BD%AF%E9%9B%85%E9%BB%91" displayName="%E5%BE%AE%E8%BD%AF%E9%9B%85%E9%BB%91" postScript="" weightStyle="Regular" weight="400" isBold="False" isItalic="False"/>
      <text>%E4%BA%B2%E4%BA%B2</text>
      <textSize>12</textSize>
      <lineSpacing>0</lineSpacing>
      <selectedIndex>-1</selectedIndex>
    </control>
    <control controlID="1964CEAF-747C-4FAA-861F-5E72EC1A815F" controlTypeID="Label" x="103" y="727" w="62" h="16" zOrder="6">
      <font family="%E5%BE%AE%E8%BD%AF%E9%9B%85%E9%BB%91" displayName="%E5%BE%AE%E8%BD%AF%E9%9B%85%E9%BB%91" postScript="" weightStyle="Regular" weight="400" isBold="False" isItalic="False"/>
      <text>%E6%95%B0%E9%87%8F%EF%BC%9A99%E4%B8%AA</text>
      <textSize>12</textSize>
      <lineSpacing>0</lineSpacing>
      <selectedIndex>-1</selectedIndex>
    </control>
    <control controlID="3C52D48A-D69C-4225-8906-20F65D1E4006" controlTypeID="Button" x="365" y="744" w="70" h="28" zOrder="7">
      <font family="%E5%BE%AE%E8%BD%AF%E9%9B%85%E9%BB%91" displayName="%E5%BE%AE%E8%BD%AF%E9%9B%85%E9%BB%91" postScript="" weightStyle="Regular" weight="400" isBold="False" isItalic="False"/>
      <text>%E4%BD%BF%E7%94%A8</text>
      <textSize>12</textSize>
      <lineSpacing>0</lineSpacing>
      <selectedIndex>-1</selectedIndex>
      <radius>4</radius>
    </control>
    <control controlID="4AE3EB58-E4DF-4704-BB4E-163FCD82A2A5" controlTypeID="StickyNote" x="541" y="343" w="280" h="337" zOrder="8">
      <font family="%E5%BE%AE%E8%BD%AF%E9%9B%85%E9%BB%91" displayName="%E5%BE%AE%E8%BD%AF%E9%9B%85%E9%BB%91" postScript="" weightStyle="Regular" weight="400" isBold="False" isItalic="False"/>
      <text>1.%E9%81%93%E5%85%B7%E9%9C%80%E8%A6%81%E6%98%BE%E7%A4%BA%E5%BD%93%E5%89%8D%E5%89%A9%E4%BD%99%E6%95%B0%E9%87%8F%0D%0A%0D%0A2.%E7%82%B9%E5%87%BB%E4%BD%BF%E7%94%A8%EF%BC%8C%E4%BC%9A%E5%88%86%E4%B8%BA%E6%9C%89%E5%8A%A8%E7%94%BB%E6%B2%A1%E5%8A%A8%E7%94%BB%E4%B8%A4%E7%A7%8D%E3%80%82%E5%90%8E%E5%8F%B0%E9%85%8D%E7%BD%AE%E7%9A%84%E6%97%B6%E5%80%99%E4%BC%9A%E5%81%9A%E5%8C%BA%E5%88%86%E3%80%82</text>
      <selectedIndex>-1</selectedIndex>
    </control>
  </controls>
  <param>
    <backgroundColor>4294967295</backgroundColor>
    <fontSize>0</fontSize>
    <fontFamily/>
    <guideLines/>
  </param>
</mockup>