﻿<mockup version="5.3" minAllowVersion="5.3" ID="31702376-0D33-4CF4-A347-EB6EFE0FB467" platform="MtBlank" defaultW="6000" defaultH="6000" measureW="6000" measureH="6000" mobileScreenScale="0">
  <controls controlCount="11">
    <control controlID="720EB02A-08C9-4117-A10A-7C55CCB9347F" controlTypeID="IPhone2" x="477" y="91" w="400" h="800" zOrder="0"/>
    <control controlID="B904A486-A2A5-4063-95B0-A72EC8B2987A" controlTypeID="Shape" x="498" y="654" w="358" h="153" zOrder="1">
      <font family="%E5%BE%AE%E8%BD%AF%E9%9B%85%E9%BB%91" displayName="%E5%BE%AE%E8%BD%AF%E9%9B%85%E9%BB%91" postScript="" weightStyle="Regular" weight="400" isBold="False" isItalic="False"/>
      <selectedIndex>-1</selectedIndex>
    </control>
    <control controlID="88F4EBBE-1257-411E-9831-20C2C112AFE4" controlTypeID="Shape" x="503" y="950" w="358" h="153" zOrder="2">
      <font family="%E5%BE%AE%E8%BD%AF%E9%9B%85%E9%BB%91" displayName="%E5%BE%AE%E8%BD%AF%E9%9B%85%E9%BB%91" postScript="" weightStyle="Regular" weight="400" isBold="False" isItalic="False"/>
      <selectedIndex>-1</selectedIndex>
    </control>
    <control controlID="CD2F1476-8643-4C0C-BB66-8B8940D17C6A" controlTypeID="ButtonBar" x="498" y="627" w="358" h="28" zOrder="3">
      <links eventType="AtClick" animate="AmNone" animateAutoDelay="0" animateDuration="500">
        <link targetPageID="30B9424A-5A0C-4D64-B105-23FC597107EC" linkType="ltPageLink" isApplyIncludePage="False" title="%E9%81%93%E5%85%B7">
          <area shape="0" alt="" ID="{74E1AD54-128E-4C03-BAD4-9AB4FE5CF2F7}" coords="(0.5,0.5,119.5,27.5)"/>
        </link>
        <link targetPageID="9541BF63-D518-4FD6-8359-99B583DAAB4D" linkType="ltPageLink" isApplyIncludePage="False" title="%E5%8B%8B%E7%AB%A0">
          <area shape="0" alt="" ID="{0B4AF784-EE47-4927-A657-D2DA4BB42FB1}" coords="(119.5,0.5,238.5,27.5)"/>
        </link>
        <link targetPageID="1181B28E-C6D0-4126-B2BB-A149114F2DFE" linkType="ltPageLink" isApplyIncludePage="False" title="%E8%BF%9B%E5%9C%BA%E7%89%B9%E6%95%88">
          <area shape="0" alt="" ID="{CD5B218F-0652-4E63-9621-D6FE1991E5F0}" coords="(238.5,0.5,357.5,27.5)"/>
        </link>
      </links>
      <font family="%E5%BE%AE%E8%BD%AF%E9%9B%85%E9%BB%91" displayName="%E5%BE%AE%E8%BD%AF%E9%9B%85%E9%BB%91" postScript="" weightStyle="Regular" weight="400" isBold="False" isItalic="False"/>
      <text>%E9%81%93%E5%85%B7%2C%E5%8B%8B%E7%AB%A0%2C%E8%BF%9B%E5%9C%BA%E7%89%B9%E6%95%88</text>
      <lineSpacing>0</lineSpacing>
    </control>
    <control controlID="72950359-0B20-4184-B036-07688E3E6A91" controlTypeID="ButtonBar" x="503" y="923" w="358" h="28" zOrder="4">
      <links eventType="AtClick" animate="AmNone" animateAutoDelay="0" animateDuration="500">
        <link targetPageID="30B9424A-5A0C-4D64-B105-23FC597107EC" linkType="ltPageLink" isApplyIncludePage="False" title="%E9%81%93%E5%85%B7">
          <area shape="0" alt="" ID="{74E1AD54-128E-4C03-BAD4-9AB4FE5CF2F7}" coords="(0.5,0.5,119.5,27.5)"/>
        </link>
        <link targetPageID="9541BF63-D518-4FD6-8359-99B583DAAB4D" linkType="ltPageLink" isApplyIncludePage="False" title="%E5%8B%8B%E7%AB%A0">
          <area shape="0" alt="" ID="{0B4AF784-EE47-4927-A657-D2DA4BB42FB1}" coords="(119.5,0.5,238.5,27.5)"/>
        </link>
        <link targetPageID="1181B28E-C6D0-4126-B2BB-A149114F2DFE" linkType="ltPageLink" isApplyIncludePage="False" title="%E8%BF%9B%E5%9C%BA%E7%89%B9%E6%95%88">
          <area shape="0" alt="" ID="{CD5B218F-0652-4E63-9621-D6FE1991E5F0}" coords="(238.5,0.5,357.5,27.5)"/>
        </link>
      </links>
      <font family="%E5%BE%AE%E8%BD%AF%E9%9B%85%E9%BB%91" displayName="%E5%BE%AE%E8%BD%AF%E9%9B%85%E9%BB%91" postScript="" weightStyle="Regular" weight="400" isBold="False" isItalic="False"/>
      <text>%E9%81%93%E5%85%B7%2C%E5%8B%8B%E7%AB%A0%2C%E8%BF%9B%E5%9C%BA%E7%89%B9%E6%95%88</text>
      <lineSpacing>0</lineSpacing>
    </control>
    <control controlID="3B091909-D361-49DF-8801-2C0A36BB53AD" controlTypeID="Label" x="564" y="1011" w="235" h="16" zOrder="5">
      <font family="%E5%BE%AE%E8%BD%AF%E9%9B%85%E9%BB%91" displayName="%E5%BE%AE%E8%BD%AF%E9%9B%85%E9%BB%91" postScript="" weightStyle="Regular" weight="400" isBold="False" isItalic="False"/>
      <text>%E5%BD%93%E5%89%8D%E8%BF%98%E6%9C%AA%E8%8E%B7%E5%BE%97%E9%81%93%E5%85%B7%2C%E5%BF%AB%E5%8E%BB%E5%8F%82%E5%8A%A0%E6%B4%BB%E5%8A%A8%E8%8E%B7%E5%8F%96%E9%81%93%E5%85%B7%E5%90%A7%EF%BC%81</text>
      <textSize>12</textSize>
      <lineSpacing>0</lineSpacing>
      <selectedIndex>-1</selectedIndex>
    </control>
    <control controlID="99B39B55-82B0-4BCB-AC3E-45E343678281" controlTypeID="Shape" x="519" y="690" w="41" h="41" zOrder="6">
      <color>4288256409</color>
      <font family="%E5%BE%AE%E8%BD%AF%E9%9B%85%E9%BB%91" displayName="%E5%BE%AE%E8%BD%AF%E9%9B%85%E9%BB%91" postScript="" weightStyle="Regular" weight="400" isBold="False" isItalic="False"/>
      <selectedIndex>-1</selectedIndex>
    </control>
    <control controlID="44A8A4D7-0E0E-4101-A2D1-82ADA53522D9" controlTypeID="Label" x="506" y="664" w="264" h="16" zOrder="7">
      <font family="%E5%BE%AE%E8%BD%AF%E9%9B%85%E9%BB%91" displayName="%E5%BE%AE%E8%BD%AF%E9%9B%85%E9%BB%91" postScript="" weightStyle="Regular" weight="400" isBold="False" isItalic="False"/>
      <text>%E8%BF%99%E9%87%8C%E6%98%AF%E4%B8%80%E8%A1%8C%E6%8F%8F%E8%BF%B0%E6%96%87%E5%AD%97%EF%BC%8C%E8%AF%B4%E6%98%8E%E9%81%93%E5%85%B7%E5%86%85%E5%AE%B9%EF%BC%8C%E5%90%8E%E5%8F%B0%E6%9D%A5%E9%85%8D%E7%BD%AE</text>
      <textSize>12</textSize>
      <lineSpacing>0</lineSpacing>
      <selectedIndex>-1</selectedIndex>
    </control>
    <control controlID="DE1390C2-A37A-4D00-86A3-9B67F34AF7B8" controlTypeID="Label" x="526" y="736" w="24" h="16" zOrder="8">
      <font family="%E5%BE%AE%E8%BD%AF%E9%9B%85%E9%BB%91" displayName="%E5%BE%AE%E8%BD%AF%E9%9B%85%E9%BB%91" postScript="" weightStyle="Regular" weight="400" isBold="False" isItalic="False"/>
      <text>%E4%BA%B2%E4%BA%B2</text>
      <textSize>12</textSize>
      <lineSpacing>0</lineSpacing>
      <selectedIndex>-1</selectedIndex>
    </control>
    <control controlID="136472E4-31EA-4742-81ED-D24E186CCF99" controlTypeID="StickyNote" x="805" y="1059" w="151" h="123" zOrder="9">
      <font family="%E5%BE%AE%E8%BD%AF%E9%9B%85%E9%BB%91" displayName="%E5%BE%AE%E8%BD%AF%E9%9B%85%E9%BB%91" postScript="" weightStyle="Regular" weight="400" isBold="False" isItalic="False"/>
      <text>%E5%BD%93%E6%B2%A1%E6%9C%89%E9%81%93%E5%85%B7%EF%BC%8C%E5%8B%8B%E7%AB%A0%EF%BC%8C%E8%BF%9B%E5%9C%BA%E7%89%B9%E6%95%88%E6%97%B6%E5%B1%95%E7%A4%BA%E6%9C%AA%E8%8E%B7%E5%8F%96</text>
      <selectedIndex>-1</selectedIndex>
    </control>
    <control controlID="ADF145B9-E746-44D9-9B3E-D428E527AE1C" controlTypeID="StickyNote" x="54" y="170" w="393" h="637" zOrder="10">
      <font family="%E5%BE%AE%E8%BD%AF%E9%9B%85%E9%BB%91" displayName="%E5%BE%AE%E8%BD%AF%E9%9B%85%E9%BB%91" postScript="" weightStyle="Regular" weight="400" isBold="False" isItalic="False"/>
      <text>%E8%83%8C%E5%8C%85%E5%86%85%E5%AE%B9%E5%88%86%E4%B8%BA3%E7%B1%BB%EF%BC%9A%E9%81%93%E5%85%B7%EF%BC%8C%E5%8B%8B%E7%AB%A0%EF%BC%8C%E8%BF%9B%E5%9C%BA%E7%89%B9%E6%95%88%0D%0A%0D%0A1.%E9%81%93%E5%85%B7%EF%BC%9A%E6%B6%88%E8%80%97%E5%93%81%EF%BC%8C%E8%B7%9F%E7%A4%BC%E7%89%A9%E7%B1%BB%E4%BC%BC%EF%BC%8C%E4%BD%BF%E7%94%A8%E4%B9%8B%E5%90%8E%E6%B6%88%E8%80%97%E6%8E%89%0D%0A%0D%0A2.%E5%8B%8B%E7%AB%A0%EF%BC%9A%E8%B7%9F%E5%BD%93%E5%89%8D%E7%89%88%E6%9C%AC%E7%9A%84%E6%BD%9C%E5%8A%9B%E8%82%A1%EF%BC%8C%E8%B4%B5%E6%97%8F%EF%BC%8C%E7%B1%BB%E4%BC%BC%E7%9A%84%E6%A0%87%E7%AD%BE%EF%BC%8C%E7%94%A8%E6%88%B7%E5%8F%AF%E4%BB%A5%E5%9C%A8%E8%BF%99%E9%87%8C%E9%80%89%E6%8B%A9%E6%98%BE%E7%A4%BA%E6%88%96%E4%B8%8D%E6%98%BE%E7%A4%BA%E7%9A%84%E6%A0%87%E7%AD%BE%0D%0A%0D%0A3.%E8%BF%9B%E5%9C%BA%E7%89%B9%E6%95%88%EF%BC%9A%E5%BD%93%E5%89%8D%E7%89%88%E6%9C%AC%E7%9A%84%E8%B4%B5%E6%97%8F%E8%BF%9B%E5%9C%BA%E5%8A%A8%E7%94%BB%EF%BC%8C%E5%90%8E%E7%BB%AD%E8%BF%98%E4%BC%9A%E6%B7%BB%E5%8A%A0%E5%88%AB%E7%9A%84%E8%BF%9B%E5%9C%BA%E5%8A%A8%E7%94%BB</text>
      <selectedIndex>-1</selectedIndex>
    </control>
  </controls>
  <param>
    <backgroundColor>4294967295</backgroundColor>
    <fontSize>0</fontSize>
    <fontFamily/>
    <guideLines/>
  </param>
</mockup>