﻿<mockup version="5.3" minAllowVersion="5.3" ID="32108747-3BCA-457A-8DD3-9B43F3001CE4" platform="MtBlank" defaultW="6000" defaultH="6000" measureW="6000" measureH="6000" mobileScreenScale="0">
  <controls controlCount="34">
    <control controlID="C6ABCC49-D90B-4DEE-A1A6-899E43EE8CD8" controlTypeID="IPhone2" x="160" y="44" w="400" h="800" zOrder="0"/>
    <control controlID="16D7ADB4-BCF3-4705-B993-5410A160DE32" controlTypeID="Shape" x="197" y="223" w="158" h="256" zOrder="1">
      <font family="%E5%BE%AE%E8%BD%AF%E9%9B%85%E9%BB%91" displayName="%E5%BE%AE%E8%BD%AF%E9%9B%85%E9%BB%91" postScript="" weightStyle="Regular" weight="400" isBold="False" isItalic="False"/>
      <selectedIndex>-1</selectedIndex>
    </control>
    <control controlID="F339373A-84A5-49D7-B9AD-D75A5DEB1927" controlTypeID="Shape" x="371" y="223" w="158" h="256" zOrder="2">
      <font family="%E5%BE%AE%E8%BD%AF%E9%9B%85%E9%BB%91" displayName="%E5%BE%AE%E8%BD%AF%E9%9B%85%E9%BB%91" postScript="" weightStyle="Regular" weight="400" isBold="False" isItalic="False"/>
      <selectedIndex>-1</selectedIndex>
    </control>
    <control controlID="0328923E-2C4E-4A50-A29B-08995E2DEBC8" controlTypeID="Circle" x="192" y="158" w="52" h="52" zOrder="3">
      <font family="%E5%BE%AE%E8%BD%AF%E9%9B%85%E9%BB%91" displayName="%E5%BE%AE%E8%BD%AF%E9%9B%85%E9%BB%91" postScript="" weightStyle="Regular" weight="400" isBold="False" isItalic="False"/>
      <text>%E5%8F%91%E8%B5%B7%E6%96%B9</text>
      <selectedIndex>-1</selectedIndex>
      <shapeBorderType>SbEllipse</shapeBorderType>
    </control>
    <control controlID="C97F49B7-4DEE-40FC-A821-F729618D3350" controlTypeID="Label" x="314" y="233" w="23" h="16" zOrder="4">
      <font family="%E5%BE%AE%E8%BD%AF%E9%9B%85%E9%BB%91" displayName="%E5%BE%AE%E8%BD%AF%E9%9B%85%E9%BB%91" postScript="" weightStyle="Regular" weight="400" isBold="False" isItalic="False"/>
      <text>%E4%B8%BB%E5%9C%BA</text>
      <textColor>4294901760</textColor>
      <textSize>12</textSize>
      <lineSpacing>0</lineSpacing>
      <useDefaultTextSize>False</useDefaultTextSize>
      <selectedIndex>-1</selectedIndex>
    </control>
    <control controlID="611BC653-04C7-4130-8D53-D8B902481842" controlTypeID="Button" x="454" y="231" w="65" h="21" zOrder="5">
      <color>4291611852</color>
      <font family="%E5%BE%AE%E8%BD%AF%E9%9B%85%E9%BB%91" displayName="%E5%BE%AE%E8%BD%AF%E9%9B%85%E9%BB%91" postScript="" weightStyle="Regular" weight="400" isBold="False" isItalic="False"/>
      <text>%E8%BF%9B%E5%85%A5%E7%9B%B4%E6%92%AD%E9%97%B4</text>
      <textSize>12</textSize>
      <lineSpacing>0</lineSpacing>
      <selectedIndex>-1</selectedIndex>
      <radius>4</radius>
    </control>
    <control controlID="479C46E1-CA62-4B33-A4AF-6C115479CD11" controlTypeID="Label" x="252" y="339" w="60" h="16" zOrder="6">
      <font family="%E5%BE%AE%E8%BD%AF%E9%9B%85%E9%BB%91" displayName="%E5%BE%AE%E8%BD%AF%E9%9B%85%E9%BB%91" postScript="" weightStyle="Regular" weight="400" isBold="False" isItalic="False"/>
      <text>%E5%8F%91%E8%B5%B7%E6%96%B9%E8%A7%86%E9%A2%91</text>
      <textSize>12</textSize>
      <lineSpacing>0</lineSpacing>
      <selectedIndex>-1</selectedIndex>
    </control>
    <control controlID="BC6FACE8-0D12-4F39-A63E-2A0622222BD4" controlTypeID="Label" x="424" y="338" w="72" h="16" zOrder="7">
      <font family="%E5%BE%AE%E8%BD%AF%E9%9B%85%E9%BB%91" displayName="%E5%BE%AE%E8%BD%AF%E9%9B%85%E9%BB%91" postScript="" weightStyle="Regular" weight="400" isBold="False" isItalic="False"/>
      <text>%E6%8E%A5%E6%94%B6%E6%96%B9%E7%9A%84%E8%A7%86%E9%A2%91</text>
      <textSize>12</textSize>
      <lineSpacing>0</lineSpacing>
      <selectedIndex>-1</selectedIndex>
    </control>
    <control controlID="DFD8D974-947E-4A43-B593-A3B817237FC4" controlTypeID="ProgressBar" x="223" y="510" w="286" h="20" zOrder="8"/>
    <control controlID="9A4EDD56-07E7-434D-8F1D-B6C1484BEFAA" controlTypeID="Label" x="252" y="512" w="21" h="16" zOrder="9">
      <font family="%E5%BE%AE%E8%BD%AF%E9%9B%85%E9%BB%91" displayName="%E5%BE%AE%E8%BD%AF%E9%9B%85%E9%BB%91" postScript="" weightStyle="Regular" weight="400" isBold="False" isItalic="False"/>
      <text>300</text>
      <textSize>12</textSize>
      <lineSpacing>0</lineSpacing>
      <selectedIndex>-1</selectedIndex>
    </control>
    <control controlID="5FE3E53D-5652-473C-9700-21217589DD72" controlTypeID="Label" x="435" y="512" w="21" h="16" zOrder="10">
      <font family="%E5%BE%AE%E8%BD%AF%E9%9B%85%E9%BB%91" displayName="%E5%BE%AE%E8%BD%AF%E9%9B%85%E9%BB%91" postScript="" weightStyle="Regular" weight="400" isBold="False" isItalic="False"/>
      <text>700</text>
      <textSize>12</textSize>
      <lineSpacing>0</lineSpacing>
      <selectedIndex>-1</selectedIndex>
    </control>
    <control controlID="BE35E3AD-2E15-445A-B550-6B5321DFA5FE" controlTypeID="Icon" x="348" y="486" w="24" h="24" zOrder="11">
      <icon>
        <ID/>
        <iconFontName>jdIonicons</iconFontName>
        <iconCode>62233</iconCode>
      </icon>
      <URL>713CF42FD64030D25A648407D6E1482C.svg</URL>
    </control>
    <control controlID="CC1E4016-F017-44B0-A135-B45D0BD722C4" controlTypeID="Label" x="194" y="539" w="24" h="16" zOrder="12">
      <font family="%E5%BE%AE%E8%BD%AF%E9%9B%85%E9%BB%91" displayName="%E5%BE%AE%E8%BD%AF%E9%9B%85%E9%BB%91" postScript="" weightStyle="Regular" weight="400" isBold="False" isItalic="False"/>
      <text>%E6%88%91%E6%96%B9</text>
      <textSize>12</textSize>
      <lineSpacing>0</lineSpacing>
      <selectedIndex>-1</selectedIndex>
    </control>
    <control controlID="4BCB6625-99F0-4045-B349-C7062FFAA534" controlTypeID="Label" x="505" y="540" w="24" h="16" zOrder="13">
      <font family="%E5%BE%AE%E8%BD%AF%E9%9B%85%E9%BB%91" displayName="%E5%BE%AE%E8%BD%AF%E9%9B%85%E9%BB%91" postScript="" weightStyle="Regular" weight="400" isBold="False" isItalic="False"/>
      <text>%E6%95%8C%E6%96%B9</text>
      <textSize>12</textSize>
      <lineSpacing>0</lineSpacing>
      <selectedIndex>-1</selectedIndex>
    </control>
    <control controlID="7EEB8F99-DF82-4226-9D9C-426888B8EF82" controlTypeID="Label" x="344" y="540" w="31" h="22" zOrder="14">
      <font family="%E5%BE%AE%E8%BD%AF%E9%9B%85%E9%BB%91" displayName="%E5%BE%AE%E8%BD%AF%E9%9B%85%E9%BB%91" postScript="" weightStyle="Regular" weight="400" isBold="False" isItalic="False"/>
      <text>4%3A55</text>
      <textSize>16</textSize>
      <lineSpacing>0</lineSpacing>
      <useDefaultTextSize>False</useDefaultTextSize>
      <selectedIndex>-1</selectedIndex>
    </control>
    <control controlID="8490A8F2-98F2-4060-8986-5D422DD1BA96" controlTypeID="Icon" x="505" y="723" w="24" h="24" zOrder="15">
      <interactiveData>
        <entry title="">
          <area shape="0" alt="" ID="{98066B54-E5CC-451A-A1F0-3DC715879436}" coords="(0,0,24,24)"/>
          <events title="">
            <event eventType="atClick" isChecked="True">
              <behaviour title="" isChecked="True" isWait="False" isLoop="False" execMode="emParallel">
                <target targetID="B7BBAD26-40C8-4F3F-B378-3A785FF1EF1A" isChecked="True" isAutoRecovery="False" isLoop="False" execMode="emSequence">
                  <command name="Popup State Change" isChecked="True" descrition="">
                    <param name="AniInterpolation" value="0" varType="3" description=""/>
                    <param name="AniDuration" value="200" varType="3" description=""/>
                    <param name="AniAutoReverse" value="False" varType="11" description=""/>
                    <param name="AniLoop" value="False" varType="11" description=""/>
                    <param name="AniInterpolationTypeOut" value="False" varType="11" description=""/>
                    <param name="Delay" value="0" varType="3" description=""/>
                    <param name="Value" value="2" varType="3" description=""/>
                    <param name="AniType" value="0" varType="3" description=""/>
                  </command>
                </target>
              </behaviour>
            </event>
          </events>
        </entry>
      </interactiveData>
      <icon>
        <ID/>
        <iconFontName>jdIonicons</iconFontName>
        <iconCode>62318</iconCode>
      </icon>
      <URL>DB7FC814F441C17601BBA7EA29C0CC4C.svg</URL>
    </control>
    <control controlID="2E50561E-06EB-4FEE-94B3-BB26346A4E7D" controlTypeID="Circle" x="300" y="562" w="33" h="33" zOrder="16">
      <font family="%E5%BE%AE%E8%BD%AF%E9%9B%85%E9%BB%91" displayName="%E5%BE%AE%E8%BD%AF%E9%9B%85%E9%BB%91" postScript="" weightStyle="Regular" weight="400" isBold="False" isItalic="False"/>
      <text>%E7%94%A8%E6%88%B7%E5%A4%B4%E5%83%8F</text>
      <textSize>10</textSize>
      <useDefaultTextSize>False</useDefaultTextSize>
      <selectedIndex>-1</selectedIndex>
      <shapeBorderType>SbEllipse</shapeBorderType>
    </control>
    <control controlID="FB4B0968-25B6-41BC-9577-798BD19401A9" controlTypeID="Circle" x="464" y="562" w="33" h="33" zOrder="17">
      <font family="%E5%BE%AE%E8%BD%AF%E9%9B%85%E9%BB%91" displayName="%E5%BE%AE%E8%BD%AF%E9%9B%85%E9%BB%91" postScript="" weightStyle="Regular" weight="400" isBold="False" isItalic="False"/>
      <text>%E7%94%A8%E6%88%B7%E5%A4%B4%E5%83%8F</text>
      <textSize>10</textSize>
      <useDefaultTextSize>False</useDefaultTextSize>
      <selectedIndex>-1</selectedIndex>
      <shapeBorderType>SbEllipse</shapeBorderType>
    </control>
    <control controlID="A904BD6A-6066-4B96-9902-03C856509F9D" controlTypeID="Circle" x="261" y="563" w="33" h="33" zOrder="18">
      <font family="%E5%BE%AE%E8%BD%AF%E9%9B%85%E9%BB%91" displayName="%E5%BE%AE%E8%BD%AF%E9%9B%85%E9%BB%91" postScript="" weightStyle="Regular" weight="400" isBold="False" isItalic="False"/>
      <text>%E7%94%A8%E6%88%B7%E5%A4%B4%E5%83%8F</text>
      <textSize>10</textSize>
      <useDefaultTextSize>False</useDefaultTextSize>
      <selectedIndex>-1</selectedIndex>
      <shapeBorderType>SbEllipse</shapeBorderType>
    </control>
    <control controlID="3A852197-BE2D-4877-97C0-9FF07262C61D" controlTypeID="Circle" x="425" y="563" w="33" h="33" zOrder="19">
      <font family="%E5%BE%AE%E8%BD%AF%E9%9B%85%E9%BB%91" displayName="%E5%BE%AE%E8%BD%AF%E9%9B%85%E9%BB%91" postScript="" weightStyle="Regular" weight="400" isBold="False" isItalic="False"/>
      <text>%E7%94%A8%E6%88%B7%E5%A4%B4%E5%83%8F</text>
      <textSize>10</textSize>
      <useDefaultTextSize>False</useDefaultTextSize>
      <selectedIndex>-1</selectedIndex>
      <shapeBorderType>SbEllipse</shapeBorderType>
    </control>
    <control controlID="672CA172-7087-4744-8DC6-138331B0C1A0" controlTypeID="Circle" x="218" y="562" w="33" h="33" zOrder="20">
      <font family="%E5%BE%AE%E8%BD%AF%E9%9B%85%E9%BB%91" displayName="%E5%BE%AE%E8%BD%AF%E9%9B%85%E9%BB%91" postScript="" weightStyle="Regular" weight="400" isBold="False" isItalic="False"/>
      <text>%E7%94%A8%E6%88%B7%E5%A4%B4%E5%83%8F</text>
      <textSize>10</textSize>
      <useDefaultTextSize>False</useDefaultTextSize>
      <selectedIndex>-1</selectedIndex>
      <shapeBorderType>SbEllipse</shapeBorderType>
    </control>
    <control controlID="BC7DC94B-F0B9-479C-B6AE-7F34A16BA037" controlTypeID="Circle" x="382" y="562" w="33" h="33" zOrder="21">
      <font family="%E5%BE%AE%E8%BD%AF%E9%9B%85%E9%BB%91" displayName="%E5%BE%AE%E8%BD%AF%E9%9B%85%E9%BB%91" postScript="" weightStyle="Regular" weight="400" isBold="False" isItalic="False"/>
      <text>%E7%94%A8%E6%88%B7%E5%A4%B4%E5%83%8F</text>
      <textSize>10</textSize>
      <useDefaultTextSize>False</useDefaultTextSize>
      <selectedIndex>-1</selectedIndex>
      <shapeBorderType>SbEllipse</shapeBorderType>
    </control>
    <control controlID="C220E9F3-6258-43C1-8A61-499006D5E662" controlTypeID="Label" x="233" y="595" w="6" h="16" zOrder="22">
      <font family="%E5%BE%AE%E8%BD%AF%E9%9B%85%E9%BB%91" displayName="%E5%BE%AE%E8%BD%AF%E9%9B%85%E9%BB%91" postScript="" weightStyle="Regular" weight="400" isBold="False" isItalic="False"/>
      <text>3</text>
      <textSize>12</textSize>
      <lineSpacing>0</lineSpacing>
      <selectedIndex>-1</selectedIndex>
    </control>
    <control controlID="F9CF06D7-0D82-4AC4-8304-4EFE065A813C" controlTypeID="Label" x="398" y="596" w="4" h="16" zOrder="23">
      <font family="%E5%BE%AE%E8%BD%AF%E9%9B%85%E9%BB%91" displayName="%E5%BE%AE%E8%BD%AF%E9%9B%85%E9%BB%91" postScript="" weightStyle="Regular" weight="400" isBold="False" isItalic="False"/>
      <text>1</text>
      <textSize>12</textSize>
      <lineSpacing>0</lineSpacing>
      <selectedIndex>-1</selectedIndex>
    </control>
    <control controlID="7B2DD7F7-23A9-4102-8F18-876CA673DECD" controlTypeID="Label" x="275" y="595" w="6" h="16" zOrder="24">
      <font family="%E5%BE%AE%E8%BD%AF%E9%9B%85%E9%BB%91" displayName="%E5%BE%AE%E8%BD%AF%E9%9B%85%E9%BB%91" postScript="" weightStyle="Regular" weight="400" isBold="False" isItalic="False"/>
      <text>2</text>
      <textSize>12</textSize>
      <lineSpacing>0</lineSpacing>
      <selectedIndex>-1</selectedIndex>
    </control>
    <control controlID="A4D1A115-7E59-48CF-BB0C-359B49BBC836" controlTypeID="Label" x="440" y="596" w="6" h="16" zOrder="25">
      <font family="%E5%BE%AE%E8%BD%AF%E9%9B%85%E9%BB%91" displayName="%E5%BE%AE%E8%BD%AF%E9%9B%85%E9%BB%91" postScript="" weightStyle="Regular" weight="400" isBold="False" isItalic="False"/>
      <text>2</text>
      <textSize>12</textSize>
      <lineSpacing>0</lineSpacing>
      <selectedIndex>-1</selectedIndex>
    </control>
    <control controlID="67882CED-C6BB-42CE-A34D-7527FC65D1EF" controlTypeID="Label" x="315" y="595" w="4" h="16" zOrder="26">
      <font family="%E5%BE%AE%E8%BD%AF%E9%9B%85%E9%BB%91" displayName="%E5%BE%AE%E8%BD%AF%E9%9B%85%E9%BB%91" postScript="" weightStyle="Regular" weight="400" isBold="False" isItalic="False"/>
      <text>1</text>
      <textSize>12</textSize>
      <lineSpacing>0</lineSpacing>
      <selectedIndex>-1</selectedIndex>
    </control>
    <control controlID="BBE94BBD-E2B2-43A5-B1ED-9418B3CD4FB0" controlTypeID="Label" x="480" y="596" w="6" h="16" zOrder="27">
      <font family="%E5%BE%AE%E8%BD%AF%E9%9B%85%E9%BB%91" displayName="%E5%BE%AE%E8%BD%AF%E9%9B%85%E9%BB%91" postScript="" weightStyle="Regular" weight="400" isBold="False" isItalic="False"/>
      <text>3</text>
      <textSize>12</textSize>
      <lineSpacing>0</lineSpacing>
      <selectedIndex>-1</selectedIndex>
    </control>
    <control controlID="E7DC4851-66E9-41B5-A455-D4F46ECD3CCA" controlTypeID="StickyNote" x="648" y="298" w="347" h="344" zOrder="28">
      <font family="%E5%BE%AE%E8%BD%AF%E9%9B%85%E9%BB%91" displayName="%E5%BE%AE%E8%BD%AF%E9%9B%85%E9%BB%91" postScript="" weightStyle="Regular" weight="400" isBold="False" isItalic="False"/>
      <text>1.%E7%94%A8%E6%88%B7%E4%BB%8E%E5%8F%91%E8%B5%B7%E6%96%B9%E7%9A%84%E7%9B%B4%E6%92%AD%E9%97%B4%E5%B0%81%E9%9D%A2%E8%BF%9B%E6%9D%A5%EF%BC%8C%E7%9B%B4%E6%92%AD%E9%97%B4%E7%9A%84%E6%A0%B7%E5%BC%8F%E3%80%82%0D%0A%0D%0A2..%E6%95%B4%E4%B8%AA%E7%9B%B4%E6%92%AD%E9%97%B4%E6%89%80%E6%9C%89%E6%A0%B7%E5%BC%8F%E4%B8%8D%E5%8F%98%EF%BC%8C%E6%89%80%E6%9C%89%E4%BF%A1%E6%81%AF%E6%98%BE%E7%A4%BA%E7%9A%84%E9%83%BD%E6%98%AF%E5%8F%91%E8%B5%B7%E6%96%B9%E7%9A%84%E7%9B%B4%E6%92%AD%E9%97%B4%E4%BF%A1%E6%81%AF%EF%BC%8C%E5%9C%A8%E8%BF%99%E4%B8%AA%E7%9B%B4%E6%92%AD%E9%97%B4%E9%80%81%E7%A4%BC%E5%AF%B9%E8%B1%A1%E9%83%BD%E6%98%AF%E5%8F%91%E8%B5%B7%E6%96%B9%E3%80%82%0D%0A%0D%0A3.%E7%82%B9%E5%87%BB%E8%BF%9B%E5%85%A5%E7%9B%B4%E6%92%AD%E9%97%B4%E5%8F%AF%E4%BB%A5%E8%BF%9B%E5%85%A5%E6%8E%A5%E6%94%B6%E6%96%B9%E7%9A%84%E7%9B%B4%E6%92%AD%E9%97%B4%0D%0A%0D%0A4.%E5%8F%91%E8%B5%B7%E4%B8%AD%E9%80%94%E5%85%B3%E9%97%AD%E7%9B%B4%E6%92%AD%E8%A6%81%E5%BC%B9%E7%AA%97%E6%8F%90%E9%86%92%0D%0A%0D%0A5.%E8%BF%9B%E5%BA%A6%E6%9D%A1%E4%B8%8B%E6%96%B9%E6%98%BE%E7%A4%BA%E5%BD%93%E5%89%8D%E5%AF%B9%E5%B1%80%EF%BC%8C%E7%BB%99%E5%90%84%E8%87%AA%E4%B8%BB%E6%92%AD%E8%B4%A1%E7%8C%AE%E7%A7%AF%E5%88%86%E6%9C%80%E5%A4%9A%E7%9A%84%E7%94%A8%E6%88%B7%EF%BC%88%E5%BD%93%E5%89%8Dpk%E6%A8%A1%E5%BC%8F%E4%B8%8B%EF%BC%89%E3%80%82%E5%8F%AA%E6%98%BE%E7%A4%BA%E5%89%8D%E4%B8%89%E5%90%8D%E3%80%82%E6%B2%A1%E6%9C%89%E7%9A%84%E6%97%B6%E5%80%99%E4%B8%8D%E6%98%BE%E7%A4%BA%EF%BC%8C%E6%9C%89%E4%B8%80%E4%B8%AA%E4%BA%BA%E6%98%BE%E7%A4%BA%E4%B8%80%E4%B8%AA%E4%BA%BA%EF%BC%8C%E6%9C%89%E4%B8%A4%E4%B8%AA%E4%BA%BA%E6%98%BE%E7%A4%BA%E4%B8%A4%E4%B8%AA%E4%BA%BA%E3%80%82%0D%0A%0D%0A6.%E7%82%B9%E5%87%BB%E7%94%A8%E6%88%B7%E5%A4%B4%E5%83%8F%E5%8F%AF%E4%BB%A5%E6%9F%A5%E7%9C%8B%E8%AF%A5%E7%94%A8%E6%88%B7%E8%B5%84%E6%96%99%E5%8D%A1</text>
      <selectedIndex>-1</selectedIndex>
    </control>
    <control controlID="B7BBAD26-40C8-4F3F-B378-3A785FF1EF1A" controlTypeID="PopupPanel" x="615" y="198" w="46" h="46" zOrder="29">
      <groupChildrenDescriptors>
        <control controlID="B318E0ED-AB58-4E74-B4BC-EA8FC5CA1BC2" controlTypeID="Panel" x="0" y="0" w="6000" h="6000" zOrder="0">
          <locked>True</locked>
          <color>1879048192</color>
          <borderVisible>False</borderVisible>
          <canMove>False</canMove>
          <alias>background</alias>
          <groupChildrenDescriptors>
            <control controlID="897FFD47-76FF-4412-8E58-02139D4BDC35" controlTypeID="Border" x="0" y="0" w="6000" h="6000" zOrder="0">
              <borderVisible>False</borderVisible>
              <alias>borderLayer</alias>
            </control>
          </groupChildrenDescriptors>
          <thinkness>1</thinkness>
        </control>
        <control controlID="FABAFD87-1483-462B-B13B-E996BC5541F8" controlTypeID="PopupPanelContent" x="539" y="417" w="277" h="159" zOrder="1">
          <color>16777215</color>
          <alias>content</alias>
          <groupChildrenDescriptors>
            <control controlID="BF15C00D-7848-45B9-A082-CFA021BC0C63" controlTypeID="Alert" x="0" y="0" w="277" h="159" zOrder="0">
              <font family="%E5%BE%AE%E8%BD%AF%E9%9B%85%E9%BB%91" displayName="%E5%BE%AE%E8%BD%AF%E9%9B%85%E9%BB%91" postScript="" weightStyle="Regular" weight="400" isBold="False" isItalic="False"/>
              <text>%E6%8F%90%E7%A4%BA%0D%0A%E7%A1%AE%E5%AE%9A%E8%A6%81%E9%80%80%E5%87%BA%E5%BD%93%E5%89%8DPK%E8%B5%9B%E5%90%97%3F%0D%0A%EF%BC%88%E5%BD%93%E5%89%8D%E9%80%80%E5%87%BA%E4%BC%9A%E7%9B%B4%E6%8E%A5%E8%BE%93%E6%8E%89PK%E8%B5%9B%EF%BC%89%0D%0A%E5%90%A6%2C%E6%98%AF</text>
              <lineSpacing>0</lineSpacing>
            </control>
          </groupChildrenDescriptors>
        </control>
      </groupChildrenDescriptors>
    </control>
  </controls>
  <param>
    <backgroundColor>4294967295</backgroundColor>
    <fontSize>0</fontSize>
    <fontFamily/>
    <guideLines/>
    <remark>1.%E7%94%A8%E6%88%B7%E4%BB%8E%E5%8F%91%E8%B5%B7%E6%96%B9%E7%9A%84%E7%9B%B4%E6%92%AD%E9%97%B4%E5%B0%81%E9%9D%A2%E8%BF%9B%E6%9D%A5%EF%BC%8C%E7%9B%B4%E6%92%AD%E9%97%B4%E7%9A%84%E6%A0%B7%E5%BC%8F%E3%80%82%0D%0A%0D%0A2..%E6%95%B4%E4%B8%AA%E7%9B%B4%E6%92%AD%E9%97%B4%E6%89%80%E6%9C%89%E6%A0%B7%E5%BC%8F%E4%B8%8D%E5%8F%98%EF%BC%8C%E6%89%80%E6%9C%89%E4%BF%A1%E6%81%AF%E6%98%BE%E7%A4%BA%E7%9A%84%E9%83%BD%E6%98%AF%E5%8F%91%E8%B5%B7%E6%96%B9%E7%9A%84%E7%9B%B4%E6%92%AD%E9%97%B4%E4%BF%A1%E6%81%AF%EF%BC%8C%E5%9C%A8%E8%BF%99%E4%B8%AA%E7%9B%B4%E6%92%AD%E9%97%B4%E9%80%81%E7%A4%BC%E5%AF%B9%E8%B1%A1%E9%83%BD%E6%98%AF%E5%8F%91%E8%B5%B7%E6%96%B9%E3%80%82%0D%0A%0D%0A3.%E7%82%B9%E5%87%BB%E8%BF%9B%E5%85%A5%E7%9B%B4%E6%92%AD%E9%97%B4%E5%8F%AF%E4%BB%A5%E8%BF%9B%E5%85%A5%E6%8E%A5%E6%94%B6%E6%96%B9%E7%9A%84%E7%9B%B4%E6%92%AD%E9%97%B4%0D%0A%0D%0A4.%E5%8F%91%E8%B5%B7%E4%B8%AD%E9%80%94%E5%85%B3%E9%97%AD%E7%9B%B4%E6%92%AD%E8%A6%81%E5%BC%B9%E7%AA%97%E6%8F%90%E9%86%92%0D%0A%0D%0A5.%E8%BF%9B%E5%BA%A6%E6%9D%A1%E4%B8%8B%E6%96%B9%E6%98%BE%E7%A4%BA%E5%BD%93%E5%89%8D%E5%AF%B9%E5%B1%80%EF%BC%8C%E7%BB%99%E5%90%84%E8%87%AA%E4%B8%BB%E6%92%AD%E8%B4%A1%E7%8C%AE%E7%A7%AF%E5%88%86%E6%9C%80%E5%A4%9A%E7%9A%84%E7%94%A8%E6%88%B7%EF%BC%88%E5%BD%93%E5%89%8Dpk%E6%A8%A1%E5%BC%8F%E4%B8%8B%EF%BC%89%E3%80%82%E5%8F%AA%E6%98%BE%E7%A4%BA%E5%89%8D%E4%B8%89%E5%90%8D%E3%80%82%E6%B2%A1%E6%9C%89%E7%9A%84%E6%97%B6%E5%80%99%E4%B8%8D%E6%98%BE%E7%A4%BA%EF%BC%8C%E6%9C%89%E4%B8%80%E4%B8%AA%E4%BA%BA%E6%98%BE%E7%A4%BA%E4%B8%80%E4%B8%AA%E4%BA%BA%EF%BC%8C%E6%9C%89%E4%B8%A4%E4%B8%AA%E4%BA%BA%E6%98%BE%E7%A4%BA%E4%B8%A4%E4%B8%AA%E4%BA%BA%E3%80%82%0D%0A%0D%0A6.%E7%82%B9%E5%87%BB%E7%94%A8%E6%88%B7%E5%A4%B4%E5%83%8F%E5%8F%AF%E4%BB%A5%E4%BA%A7%E7%9C%8B%E8%AF%A5%E7%94%A8%E6%88%B7%E8%B5%84%E6%96%99%E5%8D%A1</remark>
  </param>
</mockup>