﻿<mockup version="5.3" minAllowVersion="5.3" ID="36E4EAA6-AE94-4E15-BE3D-1BDF99E266D6" platform="MtBlank" defaultW="6000" defaultH="6000" measureW="6000" measureH="6000" mobileScreenScale="0">
  <controls controlCount="20">
    <control controlID="E2290585-42D9-49B2-A7B6-D34D217438C3" controlTypeID="Shape" x="55" y="63" w="318" h="628" zOrder="0">
      <font family="%E5%BE%AE%E8%BD%AF%E9%9B%85%E9%BB%91" displayName="%E5%BE%AE%E8%BD%AF%E9%9B%85%E9%BB%91" postScript="" weightStyle="Regular" weight="400" isBold="False" isItalic="False"/>
      <selectedIndex>-1</selectedIndex>
    </control>
    <control controlID="ADC37602-FCC7-4F35-AB1C-C21A943AD2AC" controlTypeID="Image" x="56" y="64" w="314" h="627" zOrder="1">
      <URL>70D2E68A7886F41F9C96F01CD7EF83BB.png</URL>
    </control>
    <control controlID="20A9657C-5ECB-44B0-892D-E82B79A99542" controlTypeID="Button" x="124" y="527" w="183" h="28" zOrder="2">
      <color>4288256409</color>
      <borderColor>4291611852</borderColor>
      <font family="%E5%BE%AE%E8%BD%AF%E9%9B%85%E9%BB%91" displayName="%E5%BE%AE%E8%BD%AF%E9%9B%85%E9%BB%91" postScript="" weightStyle="Regular" weight="400" isBold="False" isItalic="False"/>
      <text>%E9%BB%91%E5%90%8D%E5%8D%95</text>
      <textSize>12</textSize>
      <lineSpacing>0</lineSpacing>
      <selectedIndex>-1</selectedIndex>
      <radius>4</radius>
    </control>
    <control controlID="A7FC8561-0A92-4007-89BF-5A0472D5B9F7" controlTypeID="Shape" x="441" y="64" w="338" h="628" zOrder="3">
      <font family="%E5%BE%AE%E8%BD%AF%E9%9B%85%E9%BB%91" displayName="%E5%BE%AE%E8%BD%AF%E9%9B%85%E9%BB%91" postScript="" weightStyle="Regular" weight="400" isBold="False" isItalic="False"/>
      <selectedIndex>-1</selectedIndex>
    </control>
    <control controlID="A4AFD180-66CC-4984-BC27-9FE351EC685B" controlTypeID="Button" x="692" y="99" w="70" h="23" zOrder="4">
      <interactiveData>
        <entry title="">
          <area shape="0" alt="" ID="{370DB9D7-AD20-43B4-8EB1-7377F94737DC}" coords="(0,0,70,23)"/>
          <events title="">
            <event eventType="atClick" isChecked="True">
              <behaviour title="" isChecked="True" isWait="False" isLoop="False" execMode="emParallel">
                <target targetID="671B6C43-31C0-4C20-9AC4-44F87FD842F1" isChecked="True" isAutoRecovery="False" isLoop="False" execMode="emSequence">
                  <command name="Popup State Change" isChecked="True" descrition="">
                    <param name="AniInterpolation" value="0" varType="3" description=""/>
                    <param name="AniDuration" value="200" varType="3" description=""/>
                    <param name="AniAutoReverse" value="False" varType="11" description=""/>
                    <param name="AniLoop" value="False" varType="11" description=""/>
                    <param name="AniInterpolationTypeOut" value="False" varType="11" description=""/>
                    <param name="Delay" value="0" varType="3" description=""/>
                    <param name="Value" value="2" varType="3" description=""/>
                    <param name="AniType" value="0" varType="3" description=""/>
                  </command>
                </target>
              </behaviour>
            </event>
          </events>
        </entry>
      </interactiveData>
      <font family="%E5%BE%AE%E8%BD%AF%E9%9B%85%E9%BB%91" displayName="%E5%BE%AE%E8%BD%AF%E9%9B%85%E9%BB%91" postScript="" weightStyle="Regular" weight="400" isBold="False" isItalic="False"/>
      <text>%E6%B7%BB%E5%8A%A0</text>
      <textSize>12</textSize>
      <lineSpacing>0</lineSpacing>
      <selectedIndex>-1</selectedIndex>
      <radius>4</radius>
    </control>
    <control controlID="E703961A-42B2-4FE3-B736-0127F0C87C8D" controlTypeID="Line" x="442" y="184" w="336" h="1" zOrder="5">
      <font family="%E5%BE%AE%E8%BD%AF%E9%9B%85%E9%BB%91" displayName="%E5%BE%AE%E8%BD%AF%E9%9B%85%E9%BB%91" postScript="" weightStyle="Regular" weight="400" isBold="False" isItalic="False"/>
      <lineSpacing>0</lineSpacing>
      <selectedIndex>-1</selectedIndex>
      <controlPoint>(168,0)</controlPoint>
      <startPoint>(0,0)</startPoint>
      <endPoint>(336,0)</endPoint>
    </control>
    <control controlID="001A78F2-083D-4085-9D4A-460258A461C4" controlTypeID="Table" x="454" y="194" w="311" h="120" zOrder="6">
      <font family="%E5%BE%AE%E8%BD%AF%E9%9B%85%E9%BB%91" displayName="%E5%BE%AE%E8%BD%AF%E9%9B%85%E9%BB%91" postScript="" weightStyle="Regular" weight="400" isBold="False" isItalic="False"/>
      <text>ID%09%E6%98%B5%E7%A7%B0%09%E7%94%A8%E6%88%B7%E7%AD%89%E7%BA%A7%09%E8%B4%B5%E6%97%8F%09%E6%93%8D%E4%BD%9C%091005315%09%E5%B0%8F%E8%8A%B1%E7%94%9F%0925%09%E9%93%B6%E5%86%A0%09%E5%88%A0%E9%99%A4%091005312%09%E5%A4%A7%E8%8A%B1%E7%94%9F%095%09%E6%97%A0%09%E5%88%A0%E9%99%A4%09%09%09%09%09</text>
      <textAlign>HaCenter</textAlign>
      <lineSpacing>0</lineSpacing>
      <thickness>1</thickness>
      <dashMode>SdSolid</dashMode>
      <tableStyle>tsNone</tableStyle>
      <fontFamily/>
      <fontWeight>Regular</fontWeight>
      <textStyles>[]</textStyles>
      <cells>
        <cell rows="0,0" cols="0,0">
          <fontFamily>%E5%BE%AE%E8%BD%AF%E9%9B%85%E9%BB%91</fontFamily>
          <fontWeight>Regular</fontWeight>
          <textStyles>[]</textStyles>
          <text>ID</text>
          <textHeight>28</textHeight>
          <font family="%E5%BE%AE%E8%BD%AF%E9%9B%85%E9%BB%91" displayName="%E5%BE%AE%E8%BD%AF%E9%9B%85%E9%BB%91" postScript="" weightStyle="Regular" weight="400" isBold="False" isItalic="False"/>
        </cell>
        <cell rows="0,0" cols="1,1">
          <fontFamily>%E5%BE%AE%E8%BD%AF%E9%9B%85%E9%BB%91</fontFamily>
          <fontWeight>Regular</fontWeight>
          <textStyles>[]</textStyles>
          <text>%E6%98%B5%E7%A7%B0</text>
          <textHeight>28</textHeight>
          <font family="%E5%BE%AE%E8%BD%AF%E9%9B%85%E9%BB%91" displayName="%E5%BE%AE%E8%BD%AF%E9%9B%85%E9%BB%91" postScript="" weightStyle="Regular" weight="400" isBold="False" isItalic="False"/>
        </cell>
        <cell rows="0,0" cols="2,2">
          <fontFamily>%E5%BE%AE%E8%BD%AF%E9%9B%85%E9%BB%91</fontFamily>
          <fontWeight>Regular</fontWeight>
          <textStyles>[]</textStyles>
          <text>%E7%94%A8%E6%88%B7%E7%AD%89%E7%BA%A7</text>
          <textHeight>28</textHeight>
          <font family="%E5%BE%AE%E8%BD%AF%E9%9B%85%E9%BB%91" displayName="%E5%BE%AE%E8%BD%AF%E9%9B%85%E9%BB%91" postScript="" weightStyle="Regular" weight="400" isBold="False" isItalic="False"/>
        </cell>
        <cell rows="0,0" cols="3,3">
          <fontFamily>%E5%BE%AE%E8%BD%AF%E9%9B%85%E9%BB%91</fontFamily>
          <fontWeight>Regular</fontWeight>
          <textStyles>[]</textStyles>
          <text>%E8%B4%B5%E6%97%8F</text>
          <textHeight>28</textHeight>
          <font family="%E5%BE%AE%E8%BD%AF%E9%9B%85%E9%BB%91" displayName="%E5%BE%AE%E8%BD%AF%E9%9B%85%E9%BB%91" postScript="" weightStyle="Regular" weight="400" isBold="False" isItalic="False"/>
        </cell>
        <cell rows="0,0" cols="4,4">
          <fontFamily>%E5%BE%AE%E8%BD%AF%E9%9B%85%E9%BB%91</fontFamily>
          <fontWeight>Regular</fontWeight>
          <textStyles>[]</textStyles>
          <text>%E6%93%8D%E4%BD%9C</text>
          <textHeight>28</textHeight>
          <font family="%E5%BE%AE%E8%BD%AF%E9%9B%85%E9%BB%91" displayName="%E5%BE%AE%E8%BD%AF%E9%9B%85%E9%BB%91" postScript="" weightStyle="Regular" weight="400" isBold="False" isItalic="False"/>
        </cell>
        <cell rows="1,1" cols="0,0">
          <fontFamily>%E5%BE%AE%E8%BD%AF%E9%9B%85%E9%BB%91</fontFamily>
          <fontWeight>Regular</fontWeight>
          <textStyles>[]</textStyles>
          <text>1005315</text>
          <textHeight>28</textHeight>
          <font family="%E5%BE%AE%E8%BD%AF%E9%9B%85%E9%BB%91" displayName="%E5%BE%AE%E8%BD%AF%E9%9B%85%E9%BB%91" postScript="" weightStyle="Regular" weight="400" isBold="False" isItalic="False"/>
        </cell>
        <cell rows="1,1" cols="1,1">
          <fontFamily>%E5%BE%AE%E8%BD%AF%E9%9B%85%E9%BB%91</fontFamily>
          <fontWeight>Regular</fontWeight>
          <textStyles>[]</textStyles>
          <text>%E5%B0%8F%E8%8A%B1%E7%94%9F</text>
          <textHeight>28</textHeight>
          <font family="%E5%BE%AE%E8%BD%AF%E9%9B%85%E9%BB%91" displayName="%E5%BE%AE%E8%BD%AF%E9%9B%85%E9%BB%91" postScript="" weightStyle="Regular" weight="400" isBold="False" isItalic="False"/>
        </cell>
        <cell rows="1,1" cols="2,2">
          <fontFamily>%E5%BE%AE%E8%BD%AF%E9%9B%85%E9%BB%91</fontFamily>
          <fontWeight>Regular</fontWeight>
          <textStyles>[]</textStyles>
          <text>25</text>
          <textHeight>28</textHeight>
          <font family="%E5%BE%AE%E8%BD%AF%E9%9B%85%E9%BB%91" displayName="%E5%BE%AE%E8%BD%AF%E9%9B%85%E9%BB%91" postScript="" weightStyle="Regular" weight="400" isBold="False" isItalic="False"/>
        </cell>
        <cell rows="1,1" cols="3,3">
          <fontFamily>%E5%BE%AE%E8%BD%AF%E9%9B%85%E9%BB%91</fontFamily>
          <fontWeight>Regular</fontWeight>
          <textStyles>[]</textStyles>
          <text>%E9%93%B6%E5%86%A0</text>
          <textHeight>28</textHeight>
          <font family="%E5%BE%AE%E8%BD%AF%E9%9B%85%E9%BB%91" displayName="%E5%BE%AE%E8%BD%AF%E9%9B%85%E9%BB%91" postScript="" weightStyle="Regular" weight="400" isBold="False" isItalic="False"/>
        </cell>
        <cell rows="1,1" cols="4,4">
          <textColor>4278190335</textColor>
          <fontFamily>%E5%BE%AE%E8%BD%AF%E9%9B%85%E9%BB%91</fontFamily>
          <fontWeight>Regular</fontWeight>
          <textStyles>[]</textStyles>
          <text>%E5%88%A0%E9%99%A4</text>
          <textHeight>28</textHeight>
          <font family="%E5%BE%AE%E8%BD%AF%E9%9B%85%E9%BB%91" displayName="%E5%BE%AE%E8%BD%AF%E9%9B%85%E9%BB%91" postScript="" weightStyle="Regular" weight="400" isBold="False" isItalic="False"/>
        </cell>
        <cell rows="2,2" cols="0,0">
          <fontSize>12</fontSize>
          <textHAlign>HaCenter</textHAlign>
          <textVAlign>VaMiddle</textVAlign>
          <textColor>4278190080</textColor>
          <textWordWrap>True</textWordWrap>
          <fontFamily>%E5%BE%AE%E8%BD%AF%E9%9B%85%E9%BB%91</fontFamily>
          <fontWeight>Regular</fontWeight>
          <textStyles>[]</textStyles>
          <text>1005312</text>
          <textHeight>28</textHeight>
          <font family="%E5%BE%AE%E8%BD%AF%E9%9B%85%E9%BB%91" displayName="%E5%BE%AE%E8%BD%AF%E9%9B%85%E9%BB%91" postScript="" weightStyle="Regular" weight="400" isBold="False" isItalic="False"/>
        </cell>
        <cell rows="2,2" cols="1,1">
          <fontSize>12</fontSize>
          <textHAlign>HaCenter</textHAlign>
          <textVAlign>VaMiddle</textVAlign>
          <textColor>4278190080</textColor>
          <textWordWrap>True</textWordWrap>
          <fontFamily>%E5%BE%AE%E8%BD%AF%E9%9B%85%E9%BB%91</fontFamily>
          <fontWeight>Regular</fontWeight>
          <textStyles>[]</textStyles>
          <text>%E5%A4%A7%E8%8A%B1%E7%94%9F</text>
          <textHeight>28</textHeight>
          <font family="%E5%BE%AE%E8%BD%AF%E9%9B%85%E9%BB%91" displayName="%E5%BE%AE%E8%BD%AF%E9%9B%85%E9%BB%91" postScript="" weightStyle="Regular" weight="400" isBold="False" isItalic="False"/>
        </cell>
        <cell rows="2,2" cols="2,2">
          <fontSize>12</fontSize>
          <textHAlign>HaCenter</textHAlign>
          <textVAlign>VaMiddle</textVAlign>
          <textColor>4278190080</textColor>
          <textWordWrap>True</textWordWrap>
          <fontFamily>%E5%BE%AE%E8%BD%AF%E9%9B%85%E9%BB%91</fontFamily>
          <fontWeight>Regular</fontWeight>
          <textStyles>[]</textStyles>
          <text>5</text>
          <textHeight>28</textHeight>
          <font family="%E5%BE%AE%E8%BD%AF%E9%9B%85%E9%BB%91" displayName="%E5%BE%AE%E8%BD%AF%E9%9B%85%E9%BB%91" postScript="" weightStyle="Regular" weight="400" isBold="False" isItalic="False"/>
        </cell>
        <cell rows="2,2" cols="3,3">
          <fontSize>12</fontSize>
          <textHAlign>HaCenter</textHAlign>
          <textVAlign>VaMiddle</textVAlign>
          <textColor>4278190080</textColor>
          <textWordWrap>True</textWordWrap>
          <fontFamily>%E5%BE%AE%E8%BD%AF%E9%9B%85%E9%BB%91</fontFamily>
          <fontWeight>Regular</fontWeight>
          <textStyles>[]</textStyles>
          <text>%E6%97%A0</text>
          <textHeight>28</textHeight>
          <font family="%E5%BE%AE%E8%BD%AF%E9%9B%85%E9%BB%91" displayName="%E5%BE%AE%E8%BD%AF%E9%9B%85%E9%BB%91" postScript="" weightStyle="Regular" weight="400" isBold="False" isItalic="False"/>
        </cell>
        <cell rows="2,2" cols="4,4">
          <fontSize>12</fontSize>
          <textHAlign>HaCenter</textHAlign>
          <textVAlign>VaMiddle</textVAlign>
          <textColor>4278190335</textColor>
          <textWordWrap>True</textWordWrap>
          <fontFamily>%E5%BE%AE%E8%BD%AF%E9%9B%85%E9%BB%91</fontFamily>
          <fontWeight>Regular</fontWeight>
          <textStyles>[]</textStyles>
          <text>%E5%88%A0%E9%99%A4</text>
          <textHeight>28</textHeight>
          <font family="%E5%BE%AE%E8%BD%AF%E9%9B%85%E9%BB%91" displayName="%E5%BE%AE%E8%BD%AF%E9%9B%85%E9%BB%91" postScript="" weightStyle="Regular" weight="400" isBold="False" isItalic="False"/>
        </cell>
        <cell rows="3,3" cols="0,0">
          <fontFamily>%E5%BE%AE%E8%BD%AF%E9%9B%85%E9%BB%91</fontFamily>
          <fontWeight>Regular</fontWeight>
          <textStyles>[]</textStyles>
          <textHeight>12</textHeight>
          <font family="%E5%BE%AE%E8%BD%AF%E9%9B%85%E9%BB%91" displayName="%E5%BE%AE%E8%BD%AF%E9%9B%85%E9%BB%91" postScript="" weightStyle="Regular" weight="400" isBold="False" isItalic="False"/>
        </cell>
        <cell rows="3,3" cols="1,1">
          <fontFamily>%E5%BE%AE%E8%BD%AF%E9%9B%85%E9%BB%91</fontFamily>
          <fontWeight>Regular</fontWeight>
          <textStyles>[]</textStyles>
          <textHeight>12</textHeight>
          <font family="%E5%BE%AE%E8%BD%AF%E9%9B%85%E9%BB%91" displayName="%E5%BE%AE%E8%BD%AF%E9%9B%85%E9%BB%91" postScript="" weightStyle="Regular" weight="400" isBold="False" isItalic="False"/>
        </cell>
        <cell rows="3,3" cols="2,2">
          <fontFamily>%E5%BE%AE%E8%BD%AF%E9%9B%85%E9%BB%91</fontFamily>
          <fontWeight>Regular</fontWeight>
          <textStyles>[]</textStyles>
          <textHeight>12</textHeight>
          <font family="%E5%BE%AE%E8%BD%AF%E9%9B%85%E9%BB%91" displayName="%E5%BE%AE%E8%BD%AF%E9%9B%85%E9%BB%91" postScript="" weightStyle="Regular" weight="400" isBold="False" isItalic="False"/>
        </cell>
        <cell rows="3,3" cols="3,3">
          <fontFamily>%E5%BE%AE%E8%BD%AF%E9%9B%85%E9%BB%91</fontFamily>
          <fontWeight>Regular</fontWeight>
          <textStyles>[]</textStyles>
          <textHeight>12</textHeight>
          <font family="%E5%BE%AE%E8%BD%AF%E9%9B%85%E9%BB%91" displayName="%E5%BE%AE%E8%BD%AF%E9%9B%85%E9%BB%91" postScript="" weightStyle="Regular" weight="400" isBold="False" isItalic="False"/>
        </cell>
        <cell rows="3,3" cols="4,4">
          <fontFamily>%E5%BE%AE%E8%BD%AF%E9%9B%85%E9%BB%91</fontFamily>
          <fontWeight>Regular</fontWeight>
          <textStyles>[]</textStyles>
          <textHeight>12</textHeight>
          <font family="%E5%BE%AE%E8%BD%AF%E9%9B%85%E9%BB%91" displayName="%E5%BE%AE%E8%BD%AF%E9%9B%85%E9%BB%91" postScript="" weightStyle="Regular" weight="400" isBold="False" isItalic="False"/>
        </cell>
      </cells>
      <rows>
        <row height="30">
          <fontFamily/>
          <fontWeight>Regular</fontWeight>
          <textStyles>[]</textStyles>
          <isAutoRowHeight>True</isAutoRowHeight>
        </row>
        <row height="30">
          <fontFamily/>
          <fontWeight>Regular</fontWeight>
          <textStyles>[]</textStyles>
          <isAutoRowHeight>True</isAutoRowHeight>
        </row>
        <row height="30">
          <fontFamily/>
          <fontWeight>Regular</fontWeight>
          <textStyles>[]</textStyles>
          <isAutoRowHeight>True</isAutoRowHeight>
        </row>
        <row height="30">
          <fontFamily/>
          <fontWeight>Regular</fontWeight>
          <textStyles>[]</textStyles>
          <isAutoRowHeight>True</isAutoRowHeight>
        </row>
      </rows>
      <cols>
        <col width="61">
          <fontFamily/>
          <fontWeight>Regular</fontWeight>
          <textStyles>[]</textStyles>
        </col>
        <col width="63">
          <fontFamily/>
          <fontWeight>Regular</fontWeight>
          <textStyles>[]</textStyles>
        </col>
        <col width="62">
          <fontFamily/>
          <fontWeight>Regular</fontWeight>
          <textStyles>[]</textStyles>
        </col>
        <col width="62">
          <fontFamily/>
          <fontWeight>Regular</fontWeight>
          <textStyles>[]</textStyles>
        </col>
        <col width="63">
          <fontFamily/>
          <fontWeight>Regular</fontWeight>
          <textStyles>[]</textStyles>
        </col>
      </cols>
    </control>
    <control controlID="4E3576E7-C5DB-4E42-8775-727FA79D8835" controlTypeID="TextInput" x="462" y="98" w="138" h="24" zOrder="7">
      <font family="%E5%BE%AE%E8%BD%AF%E9%9B%85%E9%BB%91" displayName="%E5%BE%AE%E8%BD%AF%E9%9B%85%E9%BB%91" postScript="" weightStyle="Regular" weight="400" isBold="False" isItalic="False"/>
      <textSize>12</textSize>
      <lineSpacing>0</lineSpacing>
      <selectedIndex>-1</selectedIndex>
      <placeHolder>%E7%94%A8%E6%88%B7ID</placeHolder>
    </control>
    <control controlID="97B916F6-C13E-47F8-84A1-77875C8B869E" controlTypeID="Button" x="617" y="101" w="65" h="21" zOrder="8">
      <font family="%E5%BE%AE%E8%BD%AF%E9%9B%85%E9%BB%91" displayName="%E5%BE%AE%E8%BD%AF%E9%9B%85%E9%BB%91" postScript="" weightStyle="Regular" weight="400" isBold="False" isItalic="False"/>
      <text>%E6%90%9C%E7%B4%A2</text>
      <textSize>12</textSize>
      <lineSpacing>0</lineSpacing>
      <selectedIndex>-1</selectedIndex>
      <radius>4</radius>
    </control>
    <control controlID="465B579F-8907-4B2D-A880-251F70AAC3D0" controlTypeID="StickyNote" x="857" y="118" w="411" h="459" zOrder="9">
      <font family="%E5%BE%AE%E8%BD%AF%E9%9B%85%E9%BB%91" displayName="%E5%BE%AE%E8%BD%AF%E9%9B%85%E9%BB%91" postScript="" weightStyle="Regular" weight="400" isBold="False" isItalic="False"/>
      <text>%E6%96%B0%E5%A2%9E%E2%80%9C%E9%BB%91%E5%90%8D%E5%8D%95%E2%80%9D%E5%8A%9F%E8%83%BD%0D%0A%E5%BD%93%E5%AE%B6%E6%97%8F%E9%95%BF%E5%B0%86%E7%94%A8%E6%88%B7ID%E6%B7%BB%E5%8A%A0%E5%88%B0%E9%BB%91%E5%90%8D%E5%8D%95%EF%BC%8C%E8%AF%A5%E7%94%A8%E6%88%B7%E6%97%A0%E6%B3%95%E8%BF%9B%E5%85%A5%E6%97%97%E4%B8%8B%E6%89%80%E6%9C%89%E4%B8%BB%E6%92%AD%E7%9A%84%E7%9B%B4%E6%92%AD%E9%97%B4%E3%80%82%0D%0A%E9%A1%B5%E9%9D%A2%E9%9C%80%E6%8F%90%E7%A4%BA%E6%96%87%E6%A1%88%EF%BC%9A%E5%B0%86%E7%94%A8%E6%88%B7ID%E6%B7%BB%E5%8A%A0%E5%85%A5%E9%BB%91%E5%90%8D%E5%8D%95%E4%B9%8B%E5%90%8E%EF%BC%8C%E7%94%A8%E6%88%B7%E5%B0%86%E6%97%A0%E6%B3%95%E8%BF%9B%E5%85%A5%E6%82%A8%E5%AE%B6%E6%97%8F%E6%89%80%E6%9C%89%E4%B8%BB%E6%92%AD%E7%9B%B4%E6%92%AD%E9%97%B4%0D%0A%E5%AE%B6%E6%97%8F%E9%95%BF%E5%9C%A8%E6%B7%BB%E5%8A%A0%E7%9A%84%E6%97%B6%E5%80%99%EF%BC%8C%E8%BE%93%E5%85%A5%E7%94%A8%E6%88%B7ID%E4%B9%8B%E5%90%8E%EF%BC%8C%E6%98%BE%E7%A4%BA%E7%94%A8%E6%88%B7%E6%98%B5%E7%A7%B0%EF%BC%8C%E4%BE%BF%E4%BA%8E%E6%A0%B8%E5%AF%B9%E3%80%82%0D%0A%0D%0A%0D%0A%0D%0A%E7%94%A8%E6%88%B7%E8%BF%9B%E5%85%A5%E8%A2%AB%E6%8B%89%E9%BB%91%E5%AE%B6%E6%97%8F%E7%9B%B4%E6%92%AD%E9%97%B4%E6%97%B6%E6%8F%90%E7%A4%BA%EF%BC%9A%E2%80%9C%E7%A6%81%E6%AD%A2%E8%BF%9B%E5%85%A5+%E6%82%A8%E5%B7%B2%E8%A2%AB%E8%AF%A5%E6%88%BF%E9%97%B4%E5%88%97%E5%85%A5%E9%BB%91%E5%90%8D%E5%8D%95%E4%BA%86%EF%BC%81%E2%80%9D%EF%BC%9B%E7%82%B9%E5%87%BB%E7%A1%AE%E5%AE%9A%E5%85%B3%E9%97%AD%E5%BC%B9%E7%AA%97%E3%80%82%0D%0A%0D%0A%0D%0A%E5%BD%93%E4%B8%BB%E6%92%AD%E5%A4%84%E4%BA%8E%E5%AE%98%E6%96%B9%E7%A6%81%E6%92%AD%E7%8A%B6%E6%80%81%E6%98%AF%EF%BC%9A%E7%A6%81%E6%92%AD%E6%8C%89%E9%92%AE%E6%98%BE%E7%A4%BA%E4%B8%BA%22%E8%A7%A3%E7%A6%81%E2%80%9D%E7%82%B9%E5%87%BB%E6%97%B6%E5%BC%B9%E7%AA%97%E6%8F%90%E7%A4%BA%E2%80%9C%E4%B8%BB%E6%92%AD%E7%9B%AE%E5%89%8D%E5%A4%84%E4%BA%8E%E5%AE%98%E6%96%B9%E7%A6%81%E6%92%AD%E7%8A%B6%E6%80%81%EF%BC%8C%E5%A6%82%E9%9C%80%E8%A7%A3%E7%A6%81%E8%AF%B7%E8%81%94%E7%B3%BB%E5%AF%B9%E6%8E%A5%E8%BF%90%E8%90%A5%EF%BC%81%E2%80%9D%EF%BC%8C%E7%82%B9%E5%87%BB%E2%80%9C%E7%A1%AE%E5%AE%9A%E2%80%9D%E5%85%B3%E9%97%AD%E5%BC%B9%E7%AA%97%EF%BC%88%E4%B8%8D%E5%85%81%E8%AE%B8%E5%AE%B6%E6%97%8F%E9%95%BF%E6%93%8D%E4%BD%9C%E5%AE%98%E6%96%B9%E7%A6%81%E6%92%AD%E7%9A%84%E4%B8%BB%E6%92%AD%EF%BC%89%0D%0A%0D%0A%0D%0A</text>
      <selectedIndex>-1</selectedIndex>
    </control>
    <control controlID="7F7CE711-87CC-47D3-94DF-3C06473A3DC0" controlTypeID="TextArea" x="462" y="132" w="300" h="42" zOrder="10">
      <font family="%E5%BE%AE%E8%BD%AF%E9%9B%85%E9%BB%91" displayName="%E5%BE%AE%E8%BD%AF%E9%9B%85%E9%BB%91" postScript="" weightStyle="Regular" weight="400" isBold="False" isItalic="False"/>
      <text>*%E5%B0%86%E7%94%A8%E6%88%B7ID%E6%B7%BB%E5%8A%A0%E5%85%A5%E9%BB%91%E5%90%8D%E5%8D%95%E4%B9%8B%E5%90%8E%EF%BC%8C%E7%94%A8%E6%88%B7%E5%B0%86%E6%97%A0%E6%B3%95%E8%BF%9B%E5%85%A5%E6%82%A8%E5%AE%B6%E6%97%8F%E6%89%80%E6%9C%89%E4%B8%BB%E6%92%AD%E7%9B%B4%E6%92%AD%E9%97%B4</text>
      <textSize>12</textSize>
      <selectedIndex>-1</selectedIndex>
    </control>
    <control controlID="671B6C43-31C0-4C20-9AC4-44F87FD842F1" controlTypeID="PopupPanel" x="824" y="72" w="46" h="46" zOrder="11">
      <groupChildrenDescriptors>
        <control controlID="0AD13BB6-D7E6-4CDF-B625-0C1DF6B889A0" controlTypeID="Panel" x="0" y="0" w="6000" h="6000" zOrder="0">
          <locked>True</locked>
          <color>1879048192</color>
          <borderVisible>False</borderVisible>
          <canMove>False</canMove>
          <alias>background</alias>
          <groupChildrenDescriptors>
            <control controlID="47ACD782-7AF6-4CBA-8F06-49B8C0726811" controlTypeID="Border" x="0" y="0" w="6000" h="6000" zOrder="0">
              <borderVisible>False</borderVisible>
              <alias>borderLayer</alias>
            </control>
          </groupChildrenDescriptors>
          <thinkness>1</thinkness>
        </control>
        <control controlID="D15EAB8F-7FA5-4099-B74E-37F660E1D15B" controlTypeID="PopupPanelContent" x="474" y="250" w="280" h="194" zOrder="1">
          <color>16777215</color>
          <alias>content</alias>
          <groupChildrenDescriptors>
            <control controlID="9201EBBF-40E4-49B8-9D21-010CE9B1EF9D" controlTypeID="Shape" x="0" y="0" w="280" h="194" zOrder="0">
              <font family="%E5%BE%AE%E8%BD%AF%E9%9B%85%E9%BB%91" displayName="%E5%BE%AE%E8%BD%AF%E9%9B%85%E9%BB%91" postScript="" weightStyle="Regular" weight="400" isBold="False" isItalic="False"/>
              <selectedIndex>-1</selectedIndex>
            </control>
            <control controlID="944DC88F-9E8B-4CB6-9641-BBCD3403A4C8" controlTypeID="Label" x="55" y="30" w="16" h="16" zOrder="1">
              <font family="%E5%BE%AE%E8%BD%AF%E9%9B%85%E9%BB%91" displayName="%E5%BE%AE%E8%BD%AF%E9%9B%85%E9%BB%91" postScript="" weightStyle="Regular" weight="400" isBold="False" isItalic="False"/>
              <text>ID%EF%BC%9A</text>
              <textSize>12</textSize>
              <lineSpacing>0</lineSpacing>
              <selectedIndex>-1</selectedIndex>
            </control>
            <control controlID="227E9C8B-EFA1-49E8-8090-74028445656D" controlTypeID="Label" x="53" y="76" w="28" h="16" zOrder="2">
              <font family="%E5%BE%AE%E8%BD%AF%E9%9B%85%E9%BB%91" displayName="%E5%BE%AE%E8%BD%AF%E9%9B%85%E9%BB%91" postScript="" weightStyle="Regular" weight="400" isBold="False" isItalic="False"/>
              <text>%E6%98%B5%E7%A7%B0%EF%BC%9A</text>
              <textSize>12</textSize>
              <lineSpacing>0</lineSpacing>
              <selectedIndex>-1</selectedIndex>
            </control>
            <control controlID="55396556-CD2D-4971-9708-90FDF02ED99F" controlTypeID="TextInput" x="104" y="22" w="138" h="24" zOrder="3">
              <font family="%E5%BE%AE%E8%BD%AF%E9%9B%85%E9%BB%91" displayName="%E5%BE%AE%E8%BD%AF%E9%9B%85%E9%BB%91" postScript="" weightStyle="Regular" weight="400" isBold="False" isItalic="False"/>
              <textSize>12</textSize>
              <lineSpacing>0</lineSpacing>
              <selectedIndex>-1</selectedIndex>
            </control>
            <control controlID="4CFF3B76-A9FE-4365-944C-671444A915E8" controlTypeID="Button" x="88" y="145" w="92" h="28" zOrder="4">
              <font family="%E5%BE%AE%E8%BD%AF%E9%9B%85%E9%BB%91" displayName="%E5%BE%AE%E8%BD%AF%E9%9B%85%E9%BB%91" postScript="" weightStyle="Regular" weight="400" isBold="False" isItalic="False"/>
              <text>%E7%A1%AE%E5%AE%9A%E6%B7%BB%E5%8A%A0</text>
              <textSize>12</textSize>
              <lineSpacing>0</lineSpacing>
              <selectedIndex>-1</selectedIndex>
              <radius>4</radius>
            </control>
          </groupChildrenDescriptors>
        </control>
      </groupChildrenDescriptors>
    </control>
  </controls>
  <param>
    <backgroundColor>4294967295</backgroundColor>
    <fontSize>0</fontSize>
    <fontFamily/>
    <guideLines/>
  </param>
</mockup>