﻿<mockup version="5.3" minAllowVersion="5.3" ID="4455DBCC-C675-42C5-805B-EB68E876F76E" platform="MtBlank" defaultW="6000" defaultH="6000" measureW="6000" measureH="6000" mobileScreenScale="0">
  <controls controlCount="29">
    <control controlID="7B9CB512-C3F5-497F-B8AC-16ED44CFA503" controlTypeID="IPhone2" x="84" y="27" w="400" h="800" zOrder="0"/>
    <control controlID="08BEDB72-917C-4998-9783-872E3B303468" controlTypeID="IPhone2" x="558" y="30" w="400" h="800" zOrder="1"/>
    <control controlID="6AB31AA5-3C77-41C3-A7DB-E8624922AEAF" controlTypeID="Image" x="141" y="176" w="120" h="142" zOrder="2"/>
    <control controlID="A676B23A-60A2-4220-99BC-E37715E9260A" controlTypeID="Image" x="138" y="333" w="120" h="142" zOrder="3"/>
    <control controlID="AA7B7750-3083-4ABB-8BBD-A954B9253B81" controlTypeID="Image" x="303" y="338" w="120" h="142" zOrder="4"/>
    <control controlID="F3399E20-6F4E-45F8-B73A-DBACC0388FBC" controlTypeID="Image" x="303" y="176" w="120" h="142" zOrder="5"/>
    <control controlID="3E7098F3-5327-4F9A-9A97-57ED294C73E3" controlTypeID="Label" x="202" y="295" w="48" h="16" zOrder="6">
      <font family="%E5%BE%AE%E8%BD%AF%E9%9B%85%E9%BB%91" displayName="%E5%BE%AE%E8%BD%AF%E9%9B%85%E9%BB%91" postScript="" weightStyle="Regular" weight="400" isBold="False" isItalic="False"/>
      <text>%E9%AD%85%E5%8A%9B%E4%B8%BB%E6%92%AD</text>
      <textSize>12</textSize>
      <lineSpacing>0</lineSpacing>
    </control>
    <control controlID="B5E4D129-F074-45F0-814C-C35B0897AFD6" controlTypeID="Label" x="369" y="295" w="48" h="16" zOrder="7">
      <font family="%E5%BE%AE%E8%BD%AF%E9%9B%85%E9%BB%91" displayName="%E5%BE%AE%E8%BD%AF%E9%9B%85%E9%BB%91" postScript="" weightStyle="Regular" weight="400" isBold="False" isItalic="False"/>
      <text>%E6%89%8D%E8%89%BA%E4%B8%BB%E6%92%AD</text>
      <textSize>12</textSize>
      <lineSpacing>0</lineSpacing>
      <selectedIndex>-1</selectedIndex>
    </control>
    <control controlID="C0962727-EF96-4439-9C4F-4CF827FE2C58" controlTypeID="Label" x="202" y="448" w="48" h="16" zOrder="8">
      <font family="%E5%BE%AE%E8%BD%AF%E9%9B%85%E9%BB%91" displayName="%E5%BE%AE%E8%BD%AF%E9%9B%85%E9%BB%91" postScript="" weightStyle="Regular" weight="400" isBold="False" isItalic="False"/>
      <text>%E4%BA%BA%E6%B0%94%E4%B8%BB%E6%92%AD</text>
      <textSize>12</textSize>
      <lineSpacing>0</lineSpacing>
      <selectedIndex>-1</selectedIndex>
    </control>
    <control controlID="503D637C-0A9B-4045-8997-4BB5DDD74CC9" controlTypeID="Label" x="369" y="459" w="48" h="16" zOrder="9">
      <font family="%E5%BE%AE%E8%BD%AF%E9%9B%85%E9%BB%91" displayName="%E5%BE%AE%E8%BD%AF%E9%9B%85%E9%BB%91" postScript="" weightStyle="Regular" weight="400" isBold="False" isItalic="False"/>
      <text>%E6%96%B0%E7%A7%80%E4%B8%BB%E6%92%AD</text>
      <textSize>12</textSize>
      <lineSpacing>0</lineSpacing>
      <selectedIndex>-1</selectedIndex>
    </control>
    <control controlID="86EFE793-8A40-4B58-B646-A48D0D3B756F" controlTypeID="Shape" x="138" y="495" w="120" h="74" zOrder="10">
      <color>4291611852</color>
      <font family="%E5%BE%AE%E8%BD%AF%E9%9B%85%E9%BB%91" displayName="%E5%BE%AE%E8%BD%AF%E9%9B%85%E9%BB%91" postScript="" weightStyle="Regular" weight="400" isBold="False" isItalic="False"/>
    </control>
    <control controlID="08565030-304E-4425-833B-645C3BCF92F5" controlTypeID="Shape" x="303" y="492" w="120" h="74" zOrder="11">
      <color>4284900966</color>
      <font family="%E5%BE%AE%E8%BD%AF%E9%9B%85%E9%BB%91" displayName="%E5%BE%AE%E8%BD%AF%E9%9B%85%E9%BB%91" postScript="" weightStyle="Regular" weight="400" isBold="False" isItalic="False"/>
      <selectedIndex>-1</selectedIndex>
    </control>
    <control controlID="38AE62AC-0E47-445B-A179-D15E7BD74B9B" controlTypeID="Label" x="165" y="505" w="72" h="24" zOrder="12">
      <font family="%E5%BE%AE%E8%BD%AF%E9%9B%85%E9%BB%91" displayName="%E5%BE%AE%E8%BD%AF%E9%9B%85%E9%BB%91" postScript="" weightStyle="Regular" weight="400" isBold="False" isItalic="False"/>
      <text>%E4%B8%89%E5%B0%8F%E6%97%B6%E6%A6%9C</text>
      <textSize>18</textSize>
      <lineSpacing>0</lineSpacing>
      <useDefaultTextSize>False</useDefaultTextSize>
    </control>
    <control controlID="542B42B2-1F5D-44C2-BC77-CAEFD27F72D3" controlTypeID="Label" x="330" y="502" w="72" h="24" zOrder="13">
      <font family="%E5%BE%AE%E8%BD%AF%E9%9B%85%E9%BB%91" displayName="%E5%BE%AE%E8%BD%AF%E9%9B%85%E9%BB%91" postScript="" weightStyle="Regular" weight="400" isBold="False" isItalic="False"/>
      <text>%E9%99%84%E8%BF%91%E4%B8%BB%E6%92%AD</text>
      <textSize>18</textSize>
      <lineSpacing>0</lineSpacing>
      <useDefaultTextSize>False</useDefaultTextSize>
      <selectedIndex>-1</selectedIndex>
    </control>
    <control controlID="37CE78C5-BA11-47DE-8809-D57C09DE3585" controlTypeID="Circle" x="148" y="534" w="32" h="32" zOrder="14">
      <font family="%E5%BE%AE%E8%BD%AF%E9%9B%85%E9%BB%91" displayName="%E5%BE%AE%E8%BD%AF%E9%9B%85%E9%BB%91" postScript="" weightStyle="Regular" weight="400" isBold="False" isItalic="False"/>
      <text>%E5%A4%B4%E5%83%8F</text>
      <shapeBorderType>SbEllipse</shapeBorderType>
    </control>
    <control controlID="12290073-C0A9-4E2F-913E-A07DF3C1B452" controlTypeID="Circle" x="320" y="531" w="32" h="32" zOrder="15">
      <font family="%E5%BE%AE%E8%BD%AF%E9%9B%85%E9%BB%91" displayName="%E5%BE%AE%E8%BD%AF%E9%9B%85%E9%BB%91" postScript="" weightStyle="Regular" weight="400" isBold="False" isItalic="False"/>
      <text>%E5%A4%B4%E5%83%8F</text>
      <selectedIndex>-1</selectedIndex>
      <shapeBorderType>SbEllipse</shapeBorderType>
    </control>
    <control controlID="79F9F794-D35C-4700-9749-77CCE80D9A4D" controlTypeID="Circle" x="182" y="534" w="32" h="32" zOrder="16">
      <font family="%E5%BE%AE%E8%BD%AF%E9%9B%85%E9%BB%91" displayName="%E5%BE%AE%E8%BD%AF%E9%9B%85%E9%BB%91" postScript="" weightStyle="Regular" weight="400" isBold="False" isItalic="False"/>
      <text>%E5%A4%B4%E5%83%8F</text>
      <selectedIndex>-1</selectedIndex>
      <shapeBorderType>SbEllipse</shapeBorderType>
    </control>
    <control controlID="F17A6836-95DD-4D94-A741-E7D10805EF27" controlTypeID="Circle" x="354" y="531" w="32" h="32" zOrder="17">
      <font family="%E5%BE%AE%E8%BD%AF%E9%9B%85%E9%BB%91" displayName="%E5%BE%AE%E8%BD%AF%E9%9B%85%E9%BB%91" postScript="" weightStyle="Regular" weight="400" isBold="False" isItalic="False"/>
      <text>%E5%A4%B4%E5%83%8F</text>
      <selectedIndex>-1</selectedIndex>
      <shapeBorderType>SbEllipse</shapeBorderType>
    </control>
    <control controlID="AF6E3793-752D-4A87-BEB3-12557A703BF1" controlTypeID="Circle" x="216" y="534" w="32" h="32" zOrder="18">
      <font family="%E5%BE%AE%E8%BD%AF%E9%9B%85%E9%BB%91" displayName="%E5%BE%AE%E8%BD%AF%E9%9B%85%E9%BB%91" postScript="" weightStyle="Regular" weight="400" isBold="False" isItalic="False"/>
      <text>%E5%A4%B4%E5%83%8F</text>
      <selectedIndex>-1</selectedIndex>
      <shapeBorderType>SbEllipse</shapeBorderType>
    </control>
    <control controlID="1A848F1B-7F93-4CC4-B038-20445DD4CB9C" controlTypeID="Circle" x="388" y="531" w="32" h="32" zOrder="19">
      <font family="%E5%BE%AE%E8%BD%AF%E9%9B%85%E9%BB%91" displayName="%E5%BE%AE%E8%BD%AF%E9%9B%85%E9%BB%91" postScript="" weightStyle="Regular" weight="400" isBold="False" isItalic="False"/>
      <text>%E5%A4%B4%E5%83%8F</text>
      <selectedIndex>-1</selectedIndex>
      <shapeBorderType>SbEllipse</shapeBorderType>
    </control>
    <control controlID="886C6A3B-8025-419A-A24E-88B39FFD1367" controlTypeID="Image" x="613" y="168" w="140" h="175" zOrder="20"/>
    <control controlID="F9C4D15D-1420-46E5-9747-27B128C3E191" controlTypeID="Image" x="610" y="351" w="140" h="175" zOrder="21"/>
    <control controlID="6CE51C55-4477-49C3-AF25-8189738D5935" controlTypeID="Image" x="610" y="534" w="140" h="175" zOrder="22"/>
    <control controlID="D798AF6F-D2D1-4D9D-A977-84B4D3A0EE8A" controlTypeID="Image" x="766" y="168" w="140" h="175" zOrder="23"/>
    <control controlID="65358A24-3D26-41C3-9880-3A4037BB36DD" controlTypeID="Image" x="766" y="351" w="140" h="175" zOrder="24"/>
    <control controlID="A9FDD69A-C0F0-47A9-AA52-7846E785F363" controlTypeID="Image" x="766" y="534" w="140" h="175" zOrder="25"/>
    <control controlID="6DB664C8-8612-4FA5-B311-6D105E475F9F" controlTypeID="Line" x="437" y="466" w="163" h="97" zOrder="26">
      <font family="%E5%BE%AE%E8%BD%AF%E9%9B%85%E9%BB%91" displayName="%E5%BE%AE%E8%BD%AF%E9%9B%85%E9%BB%91" postScript="" weightStyle="Regular" weight="400" isBold="False" isItalic="False"/>
      <lineSpacing>0</lineSpacing>
      <controlPoint>(80,50)</controlPoint>
      <startPoint>(2,95)</startPoint>
      <endPoint>(157,6)</endPoint>
      <thickness>4</thickness>
      <showEndArrow>1</showEndArrow>
    </control>
    <control controlID="01193A9F-016A-4275-8D55-12CE9F9430DA" controlTypeID="Line" x="260" y="296" w="358" h="211" zOrder="27">
      <font family="%E5%BE%AE%E8%BD%AF%E9%9B%85%E9%BB%91" displayName="%E5%BE%AE%E8%BD%AF%E9%9B%85%E9%BB%91" postScript="" weightStyle="Regular" weight="400" isBold="False" isItalic="False"/>
      <lineSpacing>0</lineSpacing>
      <selectedIndex>-1</selectedIndex>
      <controlPoint>(177,108)</controlPoint>
      <startPoint>(2,209)</startPoint>
      <endPoint>(352,6)</endPoint>
      <thickness>4</thickness>
      <showEndArrow>1</showEndArrow>
    </control>
    <control controlID="BF1FB399-4FA1-4EC7-A03A-FDCDEBEAFEBC" controlTypeID="StickyNote" x="983" y="30" w="936" h="1343" zOrder="28">
      <font family="%E5%BE%AE%E8%BD%AF%E9%9B%85%E9%BB%91" displayName="%E5%BE%AE%E8%BD%AF%E9%9B%85%E9%BB%91" postScript="" weightStyle="Regular" weight="400" isBold="False" isItalic="False"/>
      <text>%E7%83%AD%E9%97%A8%E5%88%86%E5%9B%9B%E7%A7%8D%E4%BD%8D%E7%BD%AE%EF%BC%9A%E7%81%AB%E7%AE%AD%E4%BD%8D%EF%BC%8C%E7%BD%AE%E9%A1%B6%E4%BD%8D%EF%BC%8C%E6%8E%A8%E8%8D%90%E4%BD%8D%EF%BC%8C%E5%BE%AA%E7%8E%AF%E4%BD%8D%0D%0A%E6%98%BE%E7%A4%BA%E4%BC%98%E5%85%88%E7%BA%A7%EF%BC%9A%E7%81%AB%E7%AE%AD%E4%BD%8D%EF%BC%9E%E7%BD%AE%E9%A1%B6%E4%BD%8D%EF%BC%9E%E6%8E%A8%E8%8D%90%E4%BD%8D%EF%BC%9E%E5%BE%AA%E7%8E%AF%E4%BD%8D%0D%0A%0D%0A%E7%81%AB%E7%AE%AD%E4%BD%8D%EF%BC%9A%0D%0A%E4%BE%9D%E6%8D%AE%E5%BD%93%E5%89%8D%E7%81%AB%E7%AE%AD%E4%B8%8A%E7%83%AD%E9%97%A8%E8%A7%84%E5%88%99%E6%98%BE%E7%A4%BA%EF%BC%8C%E5%BD%93%E5%89%8D%E6%97%B6%E6%AE%B5%E6%97%A0%E4%B8%BB%E6%92%AD%E5%A4%84%E4%BA%8E%E7%81%AB%E7%AE%AD%E4%BD%8D%E6%97%B6%EF%BC%8C%E7%81%AB%E7%AE%AD%E4%BD%8D%E5%85%B3%E9%97%AD%E3%80%82%0D%0A%0D%0A%E7%BD%AE%E9%A1%B6%E4%BD%8D%EF%BC%9A%0D%0A%E8%BF%90%E8%90%A5%E5%8F%AF%E5%9C%A8%E5%90%8E%E5%8F%B0%E8%AE%BE%E7%BD%AE%E5%8D%95%E4%B8%AA%E4%B8%BB%E6%92%AD%E7%BD%AE%E9%A1%B6%EF%BC%8C%E5%8F%AF%E9%80%89%E6%8B%A9%E7%BD%AE%E9%A1%B6%E6%97%B6%E9%95%BF%E5%8F%8A%E7%BD%AE%E9%A1%B6%E4%BC%98%E5%85%88%E7%BA%A7%EF%BC%8C%E5%8D%95%E4%B8%AA%E4%BC%98%E5%85%88%E7%BA%A7%E5%8F%AA%E8%83%BD%E9%80%89%E6%8B%A9%E4%B8%80%E4%B8%AA%E4%B8%BB%E6%92%AD%EF%BC%8C%E6%8C%89%E4%BC%98%E5%85%88%E7%BA%A7%E9%AB%98%E4%BD%8E%E6%8E%92%E5%BA%8F%E3%80%82%E5%A6%82%E4%BD%8D%E7%BD%AE%E6%B2%A1%E6%9C%89%E9%85%8D%E7%BD%AE%E4%B8%BB%E6%92%AD%E6%88%96%E9%85%8D%E7%BD%AE%E7%9A%84%E4%B8%BB%E6%92%AD%E4%B8%8D%E5%9C%A8%E7%9B%B4%E6%92%AD%E7%8A%B6%E6%80%81%EF%BC%8C%E8%AF%A5%E7%BD%AE%E9%A1%B6%E4%BD%8D%E5%85%B3%E9%97%AD%E3%80%82%0D%0A%0D%0A%E6%8E%A8%E8%8D%90%E4%BD%8D%EF%BC%886%E4%B8%AA%EF%BC%89%EF%BC%9A%0D%0A%E4%BD%8D%E7%BD%AE1%2C4%E4%B8%BA%E4%BA%BA%E5%B7%A5%E6%8E%A8%E8%8D%90%E4%BD%8D%EF%BC%9A%0D%0A%E6%A0%87%E7%AD%BE%EF%BC%9A%E4%BD%8D%E7%BD%AE1%E2%80%9C%E9%AD%85%E5%8A%9B%E4%B8%BB%E6%92%AD%E2%80%9D%EF%BC%8C%E4%BD%8D%E7%BD%AE4%E2%80%9C%E6%96%B0%E7%A7%80%E4%B8%BB%E6%92%AD%E2%80%9D%0D%0A%E5%85%B1%E4%BA%AB%E5%90%8E%E5%8F%B0%E9%85%8D%E7%BD%AE%E4%B8%BB%E6%92%AD%E6%B1%A0%EF%BC%8C%E8%BF%90%E8%90%A5%E8%87%AA%E5%AE%9A%E4%B9%89%E4%B8%BB%E6%92%AD%E6%95%B0%E9%87%8F%EF%BC%9B%0D%0A%E7%9B%B4%E6%92%AD%E6%97%B6%E9%95%BF%E5%A4%A7%E4%BA%8E%E7%AD%89%E4%BA%8E100%E5%B0%8F%E6%97%B6%E5%9C%A8%E7%AC%AC1%EF%BC%8C%E7%9B%B4%E6%92%AD%E6%97%B6%E9%95%BF%EF%BC%9C100%E5%B0%8F%E6%97%B6%E5%9C%A8%E7%AC%AC2%EF%BC%9B%0D%0A%E5%9C%A8%E7%BA%BF%E4%B8%BB%E6%92%AD%E9%9A%8F%E6%9C%BA%E6%98%BE%E7%A4%BA%EF%BC%9B%E5%8D%81%E5%88%86%E9%92%9F%E5%88%B7%E6%96%B0%E4%B8%80%E6%AC%A1%E3%80%82%0D%0A%0D%0A%E4%BD%8D%E7%BD%AE2%E4%B8%BA%E6%89%8D%E8%89%BA%E4%B8%BB%E6%92%AD%E6%8E%A8%E8%8D%90%E4%BD%8D%EF%BC%9A%0D%0A%E6%A0%87%E7%AD%BE%E2%80%9C%E6%89%8D%E8%89%BA%E4%B8%BB%E6%92%AD%E2%80%9D%0D%0A%E9%80%89%E5%8F%96%E5%90%8E%E5%8F%B0%E9%85%8D%E7%BD%AE%E7%9A%84%E6%89%8D%E8%89%BA%E4%B8%BB%E6%92%AD%EF%BC%9B%0D%0A%E5%9C%A8%E7%BA%BF%E4%B8%BB%E6%92%AD%E9%9A%8F%E6%9C%BA%E6%98%BE%E7%A4%BA%EF%BC%9B%E5%8D%81%E5%88%86%E9%92%9F%E5%88%B7%E6%96%B0%E4%B8%80%E6%AC%A1%E3%80%82%0D%0A%0D%0A%E4%BD%8D%E7%BD%AE3%E4%B8%BA%E5%8A%9E%E7%90%86VIP%E4%B8%BB%E6%92%AD%E6%8E%A8%E8%8D%90%E4%BD%8D%EF%BC%9A%0D%0A%E6%A0%87%E7%AD%BE%E2%80%9C%E4%BA%BA%E6%B0%94%E4%B8%BB%E6%92%AD%E2%80%9D%0D%0A%E5%8F%96%E5%BD%93%E5%A4%A9%E5%BE%80%E5%89%8D7%E5%A4%A9%E5%86%85%EF%BC%88%E4%B8%8D%E5%90%AB%E5%BD%93%E5%A4%A9%EF%BC%89%E5%8A%9E%E7%90%86VIP%E6%95%B0%E5%89%8D100%E5%90%8D%E7%9A%84%E4%B8%BB%E6%92%AD%EF%BC%9B%0D%0A%E5%9C%A8%E7%BA%BF%E4%B8%BB%E6%92%AD%E9%9A%8F%E6%9C%BA%E6%98%BE%E7%A4%BA%EF%BC%9B%E5%8D%81%E5%88%86%E9%92%9F%E5%88%B7%E6%96%B0%E4%B8%80%E6%AC%A1%EF%BC%9B%0D%0A%0D%0A%E4%BD%8D%E7%BD%AE5%E4%B8%BA%E9%AD%85%E5%8A%9B%E6%A6%9C%E4%B8%BB%E6%92%AD%E6%8E%A8%E8%8D%90%E4%BD%8D%EF%BC%9A%0D%0A%E6%A0%87%E7%AD%BE%E2%80%9C%E4%B8%89%E5%B0%8F%E6%97%B6%E6%A6%9C%E2%80%9D%0D%0A%E9%80%89%E5%8F%96%E5%BD%93%E5%89%8D%E4%B8%89%E5%B0%8F%E6%97%B6%E9%AD%85%E5%8A%9B%E6%A6%9C%E5%89%8D20%E4%B8%BB%E6%92%AD%EF%BC%8C%E5%9C%A8%E7%BA%BF%E4%B8%BB%E6%92%AD%E9%9A%8F%E6%9C%BA%E6%98%BE%E7%A4%BA%EF%BC%9B%0D%0A%E5%8F%B3%E4%B8%8B%E8%A7%92%E9%9A%8F%E6%9C%BA%E6%98%BE%E7%A4%BA%E4%B8%89%E4%B8%AA%E8%AF%A5%E6%8E%A8%E8%8D%90%E4%BD%8D%E5%85%B6%E4%BB%96%E4%B8%BB%E6%92%AD%E7%9A%84%E5%B0%8F%E5%A4%B4%E5%83%8F%EF%BC%9B%0D%0A%E7%82%B9%E5%87%BB%E4%B8%89%E4%B8%AA%E5%B0%8F%E5%A4%B4%E5%83%8F%E8%BF%9B%E5%85%A5%E4%BA%8C%E7%BA%A7%E9%A1%B5%E9%9D%A2%EF%BC%8C%E6%98%BE%E7%A4%BA%E8%AF%A5%E6%8E%A8%E8%8D%90%E4%BD%8D%E5%9C%A8%E7%BA%BF%E4%B8%BB%E6%92%AD%E5%88%97%E8%A1%A8%EF%BC%9B%0D%0A%E7%82%B9%E5%87%BB%E5%B0%81%E9%9D%A2%E5%85%B6%E4%BB%96%E4%BD%8D%E7%BD%AE%EF%BC%8C%E8%BF%9B%E5%85%A5%E5%B0%81%E9%9D%A2%E4%B8%BB%E6%92%AD%E7%9B%B4%E6%92%AD%E9%97%B4%EF%BC%8C%E6%8E%A8%E8%8D%90%E4%BD%8D%E4%B8%BB%E6%92%AD%E5%8D%81%E5%88%86%E9%92%9F%E5%88%B7%E6%96%B0%E4%B8%80%E6%AC%A1%E3%80%82%0D%0A%0D%0A%E4%BD%8D%E7%BD%AE6%E4%B8%BA%E9%99%84%E8%BF%91%E4%B8%BB%E6%92%AD%E6%8E%A8%E8%8D%90%E4%BD%8D%EF%BC%9A%0D%0A%E6%A0%87%E7%AD%BE%E2%80%9C%E9%99%84%E8%BF%91%E4%B8%BB%E6%92%AD%E2%80%9D%0D%0A%E9%80%89%E5%8F%96%E5%9C%B0%E7%90%86%E4%BD%8D%E7%BD%AE%E8%B7%9D%E7%A6%BB%E7%94%A8%E6%88%B7%E6%9C%80%E8%BF%91%E7%9A%8430%E4%B8%AA%E5%9C%A8%E7%BA%BF%E4%B8%BB%E6%92%AD%EF%BC%8C%E5%9C%A8%E7%BA%BF%E4%B8%BB%E6%92%AD%E9%9A%8F%E6%9C%BA%E6%98%BE%E7%A4%BA%EF%BC%9B%0D%0A%E5%8F%B3%E4%B8%8B%E8%A7%92%E9%9A%8F%E6%9C%BA%E6%98%BE%E7%A4%BA%E4%B8%89%E4%B8%AA%E8%AF%A5%E6%8E%A8%E8%8D%90%E4%BD%8D%E5%85%B6%E4%BB%96%E4%B8%BB%E6%92%AD%E7%9A%84%E5%B0%8F%E5%A4%B4%E5%83%8F%EF%BC%9B%0D%0A%E7%82%B9%E5%87%BB%E4%B8%89%E4%B8%AA%E5%B0%8F%E5%A4%B4%E5%83%8F%E8%BF%9B%E5%85%A5%E4%BA%8C%E7%BA%A7%E9%A1%B5%E9%9D%A2%EF%BC%8C%E6%98%BE%E7%A4%BA%E8%AF%A5%E6%8E%A8%E8%8D%90%E4%BD%8D%E5%9C%A8%E7%BA%BF%E4%B8%BB%E6%92%AD%E5%88%97%E8%A1%A8%EF%BC%9B%0D%0A%E7%82%B9%E5%87%BB%E5%B0%81%E9%9D%A2%E5%85%B6%E4%BB%96%E4%BD%8D%E7%BD%AE%EF%BC%8C%E8%BF%9B%E5%85%A5%E5%B0%81%E9%9D%A2%E4%B8%BB%E6%92%AD%E7%9B%B4%E6%92%AD%E9%97%B4%EF%BC%8C%E6%8E%A8%E8%8D%90%E4%BD%8D%E4%B8%BB%E6%92%AD%E5%8D%81%E5%88%86%E9%92%9F%E5%88%B7%E6%96%B0%E4%B8%80%E6%AC%A1%E3%80%82%0D%0A%0D%0A%E6%8E%A8%E8%8D%90%E4%BD%8D%E8%A7%84%E5%88%99%EF%BC%9A%0D%0A%C2%B7%E5%90%84%E6%8E%A8%E8%8D%90%E4%BD%8D%E6%A0%87%E7%AD%BE%E9%9C%80%E6%98%BE%E7%A4%BA%E5%9C%A8%E4%B8%BB%E6%92%AD%E5%B0%81%E9%9D%A2%0D%0A%C2%B7+%E5%90%8C%E4%B8%80%E6%97%B6%E9%97%B4%E6%AF%8F%E4%B8%AA%E4%B8%BB%E6%92%AD%E9%83%BD%E8%83%BD%E5%B9%B3%E5%9D%87%E5%87%BA%E7%8E%B0%E5%9C%A8%E9%83%A8%E5%88%86%E7%94%A8%E6%88%B7%E7%9A%84%E6%8E%A8%E8%8D%90%E9%A1%B5%E9%9D%A2%E5%AF%B9%E5%BA%94%E6%8E%A8%E8%8D%90%E4%BD%8D%EF%BC%8C%E5%8D%B3%E4%B8%8D%E5%90%8C%E7%94%A8%E6%88%B7%E5%90%8C%E4%B8%80%E6%97%B6%E9%97%B4%E5%90%8C%E4%B8%AA%E6%8E%A8%E8%8D%90%E4%BD%8D%E7%9C%8B%E5%88%B0%E7%9A%84%E5%8F%AF%E8%83%BD%E6%98%AF%E4%B8%8D%E5%90%8C%E7%9A%84%E4%B8%BB%E6%92%AD%EF%BC%9B%0D%0A%C2%B7+%E5%A6%82%E4%B8%80%E4%B8%AA%E6%8E%A8%E8%8D%90%E4%BD%8D%E7%9A%84%E5%9C%A8%E7%BA%BF%E7%9B%B4%E6%92%AD%E4%BA%BA%E6%95%B0%E5%B0%91%E4%BA%8E3%E4%BA%BA%EF%BC%8C%E5%88%99%E8%AF%A5%E6%8E%A8%E8%8D%90%E4%BD%8D%E5%85%B3%E9%97%AD%EF%BC%9B%0D%0A%C2%B7+%E5%BD%93%E7%94%A8%E6%88%B7%E9%80%9A%E8%BF%87%E6%8E%A8%E8%8D%90%E4%BD%8D%E7%82%B9%E5%87%BB%E8%BF%9B%E5%85%A5%E7%9B%B4%E6%92%AD%E9%97%B4%EF%BC%8C%E6%BB%91%E5%B1%8F%E4%BC%98%E5%85%88%E6%98%BE%E7%A4%BA%E8%AF%A5%E6%8E%A8%E8%8D%90%E4%BD%8D%E5%86%85%E7%9A%84%E5%9C%A8%E7%BA%BF%E4%B8%BB%E6%92%AD%EF%BC%8C%E5%86%8D%E4%BE%9D%E6%AC%A1%E5%88%B0%E5%85%B6%E4%BB%96%E6%8E%A8%E8%8D%90%E4%BD%8D%E5%9C%A8%E7%BA%BF%E4%B8%BB%E6%92%AD%EF%BC%8C%E7%9B%B4%E8%87%B3%E5%88%B0%E5%BE%AA%E7%8E%AF%E4%BD%8D%E3%80%82%0D%0A%0D%0A%E5%BE%AA%E7%8E%AF%E4%BD%8D%0D%0A%E5%BE%AA%E7%8E%AF%E4%BD%8D%E6%8C%89%E7%83%AD%E5%BA%A6%E5%8D%81%E5%88%86%E9%92%9F%E5%88%B7%E6%96%B0%E4%B8%80%E6%AC%A1%EF%BC%8C%E7%83%AD%E5%BA%A6%E5%AE%9A%E4%B9%89%E5%8F%82%E8%80%83%E7%94%A8%E6%88%B7%E6%B4%BB%E8%B7%83%E6%9C%BA%E5%88%B6%E3%80%82%0D%0A+++++++%0D%0A%E9%80%9A%E7%94%A8%E8%A7%84%E5%88%99%EF%BC%9A%0D%0A%C2%B7+%E6%AF%8F%E4%B8%AA%E7%94%A8%E6%88%B7%E7%9A%84%E7%83%AD%E9%97%A8%E5%88%97%E8%A1%A8%EF%BC%8C%E4%B8%80%E4%B8%AA%E4%B8%BB%E6%92%AD%E5%8F%AA%E5%8D%A0%E4%B8%80%E4%B8%AA%E7%83%AD%E9%97%A8%E4%BD%8D%EF%BC%8C%E5%8D%B3%E5%BD%93%E5%89%8D%E6%9C%AA%E6%98%BE%E7%A4%BA%E5%9C%A8%E7%81%AB%E7%AE%AD%E4%BD%8D%EF%BC%8C%E7%BD%AE%E9%A1%B6%E4%BD%8D%E5%92%8C%E6%8E%A8%E8%8D%90%E4%BD%8D%E7%9A%84%E4%B8%BB%E6%92%AD%E8%87%AA%E5%8A%A8%E8%BF%9B%E5%85%A5%E5%BE%AA%E7%8E%AF%E4%BD%8D%EF%BC%8C%E6%8C%89%E8%A7%84%E5%88%99%E6%98%BE%E7%A4%BA%EF%BC%9B%0D%0A%C2%B7+%E4%BD%8D%E7%BD%AE%E5%85%B3%E9%97%AD%E5%8D%B3%E4%B8%BA%E8%AF%A5%E4%BD%8D%E7%BD%AE%E4%B8%8D%E6%98%BE%E7%A4%BA%EF%BC%8C%E5%85%B6%E4%BB%96%E4%BD%8D%E7%BD%AE%E4%BE%9D%E5%BA%8F%E7%A7%BB%E5%8A%A8%E5%88%B0%E5%AF%B9%E5%BA%94%E4%BD%8D%E7%BD%AE%E3%80%82%E4%BE%8B%E5%A6%82%E5%A4%84%E4%BA%8E%E7%83%AD%E4%B8%80%E7%9A%84%E7%81%AB%E7%AE%AD%E4%BD%8D%E5%85%B3%E9%97%AD%EF%BC%8C%E6%9C%89%E7%BD%AE%E9%A1%B6%E4%BD%8D%E5%88%99%E4%BC%98%E5%85%88%E7%BA%A7%E6%9C%80%E9%AB%98%E7%9A%84%E7%BD%AE%E9%A1%B6%E4%BD%8D%E4%B8%BA%E7%83%AD%E4%B8%80%EF%BC%8C%E4%BB%A5%E6%AD%A4%E7%B1%BB%E6%8E%A8%EF%BC%8C%E5%85%B6%E4%BB%96%E4%BD%8D%E7%BD%AE%E4%BE%9D%E5%BA%8F%E7%A7%BB%E5%8A%A8%E3%80%82%0D%0A</text>
      <textSize>16</textSize>
      <useDefaultTextSize>False</useDefaultTextSize>
    </control>
  </controls>
  <param>
    <backgroundColor>4294967295</backgroundColor>
    <fontSize>0</fontSize>
    <fontFamily/>
    <guideLines/>
  </param>
</mockup>