﻿<mockup version="5.3" minAllowVersion="5.3" ID="789C3F36-9FBD-452A-8DB6-53185586DDA5" platform="MtBlank" defaultW="6000" defaultH="6000" measureW="6000" measureH="6000" mobileScreenScale="0">
  <controls controlCount="3">
    <control controlID="4E1E21DE-ADE0-4B6B-A1A9-81F91AE36855" controlTypeID="IPhone2" x="480" y="60" w="400" h="800" zOrder="0"/>
    <control controlID="BBEE91F0-A5BF-4270-910B-F57B99CB7DA2" controlTypeID="Shape" x="588" y="316" w="199" h="161" zOrder="1">
      <font family="%E5%BE%AE%E8%BD%AF%E9%9B%85%E9%BB%91" displayName="%E5%BE%AE%E8%BD%AF%E9%9B%85%E9%BB%91" postScript="" weightStyle="Regular" weight="400" isBold="False" isItalic="False"/>
      <text>%E5%AF%B9%E6%96%B9%E6%8B%92%E7%BB%9D%E4%BA%86%E4%BD%A0%E7%9A%84PK%E8%AF%B7%E6%B1%82</text>
      <selectedIndex>-1</selectedIndex>
    </control>
    <control controlID="15A44509-298E-40A4-8F3E-AF6689CDCF09" controlTypeID="Button" x="650" y="426" w="70" h="30" zOrder="2">
      <font family="%E5%BE%AE%E8%BD%AF%E9%9B%85%E9%BB%91" displayName="%E5%BE%AE%E8%BD%AF%E9%9B%85%E9%BB%91" postScript="" weightStyle="Regular" weight="400" isBold="False" isItalic="False"/>
      <text>%E7%A1%AE%E5%AE%9A</text>
      <textSize>12</textSize>
      <lineSpacing>0</lineSpacing>
      <selectedIndex>-1</selectedIndex>
      <radius>4</radius>
    </control>
  </controls>
  <param>
    <backgroundColor>4294967295</backgroundColor>
    <fontSize>0</fontSize>
    <fontFamily/>
    <guideLines/>
  </param>
</mockup>