﻿<mockup version="5.3" minAllowVersion="5.3" ID="61A4C886-A4F3-4DDB-AD8C-43661B027C57" platform="MtBlank" defaultW="6000" defaultH="6000" measureW="6000" measureH="6000" mobileScreenScale="0">
  <controls controlCount="1">
    <control controlID="1780A842-410C-4AD3-91DA-74A6606B2017" controlTypeID="StickyNote" x="199" y="117" w="634" h="474" zOrder="0">
      <font family="%E5%BE%AE%E8%BD%AF%E9%9B%85%E9%BB%91" displayName="%E5%BE%AE%E8%BD%AF%E9%9B%85%E9%BB%91" postScript="" weightStyle="Regular" weight="400" isBold="False" isItalic="False"/>
      <text>1.%E8%BD%AE%E6%92%AD%E5%9B%BE%EF%BC%8C%E5%AE%B6%E6%97%8F%E5%85%A5%E9%A9%BB%E7%95%8C%E9%9D%A2%E8%83%BD%E5%A4%9F%E8%87%AA%E5%8A%A8%E8%8E%B7%E5%8F%96%E5%BD%93%E5%89%8DID%0D%0A%0D%0A2.1.%E9%9D%93%E5%8F%B7%E6%9C%89%E4%B8%93%E5%B1%9E%E8%BF%9B%E5%9C%BA%E7%89%B9%E6%95%88%EF%BC%8C%E8%BF%9B%E5%9C%BA%E6%8F%90%E7%A4%BA%E6%98%B5%E7%A7%B0%E5%90%8E%E9%9D%A2%E5%8A%A0%E4%B8%8AID%0D%0A+++2.%E7%94%A8%E6%88%B7%E7%9B%B4%E6%92%AD%E9%97%B4%E5%A4%B4%E5%83%8F%E4%B8%8A%E6%98%BE%E7%A4%BA%E5%9B%BE%E6%A0%87%E2%80%9C%E9%9D%93%E2%80%9D%E5%AD%97%0D%0A+++%E5%A4%B4%E5%83%8F%E6%8B%A5%E6%9C%89%E5%A4%9A%E4%B8%AA%E5%9B%BE%E6%A0%87%E6%98%BE%E7%A4%BA%E4%BC%98%E5%85%88%E7%BA%A7%E2%80%9C%E6%97%8F%E2%80%9D%EF%BC%88%E6%9C%AC%E5%AE%B6%E6%97%8F%E4%B8%BB%E6%92%AD%E7%9B%B4%E6%92%AD%E5%AE%B6%EF%BC%89%EF%BC%9E%E2%80%9C%E5%94%AE%E2%80%9D%EF%BC%9E%E2%80%9C%E8%B4%B5+++++%E6%97%8F%E2%80%9D%EF%BC%9E%E2%80%9C%E4%B8%BB%E6%92%AD%E6%98%9F%E7%BA%A7%E2%80%9D%EF%BC%9E%E2%80%9C%E9%9D%93%E2%80%9D%0D%0A%0D%0A3.%E6%A6%9C%E5%8D%95--%E6%98%8E%E6%98%9F%E6%A6%9C%EF%BC%8C%E8%B4%A2%E5%AF%8C%E6%A6%9C%EF%BC%8C%E5%B9%B8%E8%BF%90%E6%A6%9C%EF%BC%8C%E5%AE%B6%E6%97%8F%E6%A6%9C%E5%9B%9B%E4%B8%AA%E6%A6%9C%E5%8D%95%E7%9A%84%E6%80%BB%E6%A6%9C%E5%8E%BB%E9%99%A4%0D%0A%0D%0A4.%E6%96%B0%E5%A2%9E%E5%8A%9F%E8%83%BD%EF%BC%9A%E5%85%B3%E9%97%AD%E9%BA%A6%E5%85%8B%E9%A3%8E%0D%0A%E4%B8%BB%E6%92%AD%E7%82%B9%E5%87%BB%E5%8D%B3%E5%8F%AF%E5%85%B3%E9%97%AD%E9%BA%A6%E5%85%8B%E9%A3%8E%EF%BC%8C%E9%87%8D%E6%96%B0%E7%82%B9%E5%87%BB%E6%89%93%E5%BC%80%EF%BC%88%E6%A0%B7%E5%BC%8FUI%E6%9D%A5%E5%AE%89%E6%8E%92%E4%B8%80%E4%B8%AA%E4%BD%8D%E7%BD%AE%EF%BC%8C%E5%8F%AA%E6%98%BE%E7%A4%BA%E5%9C%A8%E4%B8%BB%E6%92%AD%E7%AB%AF%EF%BC%89%0D%0A%0D%0A5.%E7%AD%BE%E5%88%B0%E6%9C%BA%E5%88%B6%E6%95%B4%E4%BD%93%E5%8E%BB%E9%99%A4%0D%0A%0D%0A6.%E8%A7%82%E7%9C%8B%E6%97%B6%E9%95%BF%E9%A2%86%E5%8F%96%E9%87%91%E5%B8%81%E6%95%B4%E4%BD%93%E5%8E%BB%E9%99%A4%0D%0A%0D%0A%0D%0A</text>
      <textSize>18</textSize>
      <useDefaultTextSize>False</useDefaultTextSize>
      <selectedIndex>-1</selectedIndex>
    </control>
  </controls>
  <param>
    <backgroundColor>4294967295</backgroundColor>
    <fontSize>0</fontSize>
    <fontFamily/>
    <guideLines/>
  </param>
</mockup>