﻿<mockup version="5.3" minAllowVersion="5.3" ID="7E35CCB1-14C3-4508-8CDB-E83166CEAE2A" platform="MtBlank" defaultW="6000" defaultH="6000" measureW="6000" measureH="6000" mobileScreenScale="0">
  <controls controlCount="9">
    <control controlID="B1E2EB9D-9A0C-4AD9-BE44-91917667F7AA" controlTypeID="Image" x="119" y="65" w="466" h="828" zOrder="0">
      <URL>6BF55833AC43C8EA34480321580D60AD.png</URL>
    </control>
    <control controlID="36F107F8-AD0F-4645-8F48-615045BEDD63" controlTypeID="Shape" x="133" y="170" w="441" h="146" zOrder="1">
      <font family="%E5%BE%AE%E8%BD%AF%E9%9B%85%E9%BB%91" displayName="%E5%BE%AE%E8%BD%AF%E9%9B%85%E9%BB%91" postScript="" weightStyle="Regular" weight="400" isBold="False" isItalic="False"/>
      <selectedIndex>-1</selectedIndex>
    </control>
    <control controlID="2D16D6A6-E23C-46DC-86B1-D138DF1A7F6B" controlTypeID="Label" x="219" y="217" w="239" h="53" zOrder="2">
      <font family="%E5%BE%AE%E8%BD%AF%E9%9B%85%E9%BB%91" displayName="%E5%BE%AE%E8%BD%AF%E9%9B%85%E9%BB%91" postScript="" weightStyle="Regular" weight="400" isBold="False" isItalic="False"/>
      <text>%E8%B4%B5%E6%97%8F%E4%B8%9A%E5%8A%A1%E6%8F%90%E9%86%92</text>
      <textSize>40</textSize>
      <lineSpacing>0</lineSpacing>
      <useDefaultTextSize>False</useDefaultTextSize>
      <selectedIndex>-1</selectedIndex>
    </control>
    <control controlID="E2832E32-F21E-42AE-8C37-02DDE2D52942" controlTypeID="Shape" x="135" y="328" w="163" h="37" zOrder="3">
      <font family="%E5%BE%AE%E8%BD%AF%E9%9B%85%E9%BB%91" displayName="%E5%BE%AE%E8%BD%AF%E9%9B%85%E9%BB%91" postScript="" weightStyle="Regular" weight="400" isBold="False" isItalic="False"/>
      <text>%E8%B4%B5%E6%97%8F%E7%8A%B6%E6%80%81%E6%8F%90%E9%86%92</text>
      <selectedIndex>-1</selectedIndex>
    </control>
    <control controlID="55946620-2616-4287-A1C8-C557E1E8D43B" controlTypeID="Shape" x="639" y="76" w="441" h="811" zOrder="4">
      <font family="%E5%BE%AE%E8%BD%AF%E9%9B%85%E9%BB%91" displayName="%E5%BE%AE%E8%BD%AF%E9%9B%85%E9%BB%91" postScript="" weightStyle="Regular" weight="400" isBold="False" isItalic="False"/>
      <selectedIndex>-1</selectedIndex>
    </control>
    <control controlID="ABDA956E-B640-47AD-9CF0-D9F87D115C4A" controlTypeID="Shape" x="639" y="124" w="441" h="146" zOrder="5">
      <font family="%E5%BE%AE%E8%BD%AF%E9%9B%85%E9%BB%91" displayName="%E5%BE%AE%E8%BD%AF%E9%9B%85%E9%BB%91" postScript="" weightStyle="Regular" weight="400" isBold="False" isItalic="False"/>
      <selectedIndex>-1</selectedIndex>
    </control>
    <control controlID="67D2B25A-BD84-4CA0-9474-094292D87CBB" controlTypeID="Label" x="725" y="171" w="239" h="53" zOrder="6">
      <font family="%E5%BE%AE%E8%BD%AF%E9%9B%85%E9%BB%91" displayName="%E5%BE%AE%E8%BD%AF%E9%9B%85%E9%BB%91" postScript="" weightStyle="Regular" weight="400" isBold="False" isItalic="False"/>
      <text>%E8%B4%B5%E6%97%8F%E4%B8%9A%E5%8A%A1%E6%8F%90%E9%86%92</text>
      <textSize>40</textSize>
      <lineSpacing>0</lineSpacing>
      <useDefaultTextSize>False</useDefaultTextSize>
      <selectedIndex>-1</selectedIndex>
    </control>
    <control controlID="2D48B3D9-AAAF-42CF-B9A2-D7CA9408B994" controlTypeID="TextArea" x="671" y="287" w="378" h="136" zOrder="7">
      <font family="%E5%BE%AE%E8%BD%AF%E9%9B%85%E9%BB%91" displayName="%E5%BE%AE%E8%BD%AF%E9%9B%85%E9%BB%91" postScript="" weightStyle="Regular" weight="400" isBold="False" isItalic="False"/>
      <text>%E6%82%A8%E7%9A%84XX%E8%B4%B5%E6%97%8F%E7%AD%89%E7%BA%A7%E5%B0%86%E4%BA%8EXX%E5%B9%B4XX%E6%9C%88XX%E6%97%A5XX%E6%97%B6XX%E5%88%86XX%E7%A7%92%E9%99%8D%E7%BA%A7%E4%B8%BAXX%E3%80%82%0D%0A%E4%BF%9D%E7%BA%A7%E8%BF%9B%E5%BA%A6XXX%2FXXX%E3%80%82%0D%0A%E4%BF%9D%E7%BA%A7%E6%88%90%E5%8A%9F%E5%90%8E%E8%B4%B5%E6%97%8F%E5%B0%86%E5%BB%B6%E9%95%BF%E8%87%B3XX%E5%B9%B4XX%E6%9C%88XX%E6%97%A5XX%E6%97%B6XX%E5%88%86XX%E7%A7%92%E3%80%82%0D%0A</text>
      <textSize>12</textSize>
      <selectedIndex>-1</selectedIndex>
    </control>
    <control controlID="EA76921D-C449-4BAB-B146-C1125A09A9C5" controlTypeID="StickyNote" x="870" y="462" w="374" h="120" zOrder="8">
      <font family="%E5%BE%AE%E8%BD%AF%E9%9B%85%E9%BB%91" displayName="%E5%BE%AE%E8%BD%AF%E9%9B%85%E9%BB%91" postScript="" weightStyle="Regular" weight="400" isBold="False" isItalic="False"/>
      <text>%E8%B4%B5%E6%97%8F%E5%9C%A8%E8%B7%9D%E7%A6%BB%E9%99%8D%E7%BA%A7%E6%97%B6%E9%97%B47%E5%A4%A9%EF%BC%8C5%E5%A4%A9%EF%BC%8C3%E5%A4%A9%EF%BC%8C1%E5%A4%A9%E6%97%B6%E6%9C%AA%E6%BB%A1%E4%BF%9D%E7%BA%A7%E9%87%91%E9%A2%9D%E7%9A%84%E7%94%A8%E6%88%B7%EF%BC%8C%E9%80%9A%E8%BF%87%E7%B3%BB%E7%BB%9F%E5%85%AC%E5%91%8A%E5%8F%91%E9%80%81%E6%B6%88%E6%81%AF%0D%0A</text>
      <selectedIndex>-1</selectedIndex>
    </control>
  </controls>
  <param>
    <backgroundColor>4294967295</backgroundColor>
    <fontSize>0</fontSize>
    <fontFamily/>
    <guideLines/>
  </param>
</mockup>