﻿<mockup version="5.3" minAllowVersion="5.3" ID="9C6758B5-C625-48AF-B846-E85817BAE227" platform="MtBlank" defaultW="6000" defaultH="6000" measureW="6000" measureH="6000" mobileScreenScale="0">
  <controls controlCount="1">
    <control controlID="2F3AC773-9735-4CDD-9323-1FBE517908AB" controlTypeID="StickyNote" x="431" y="135" w="455" h="601" zOrder="0">
      <font family="%E5%BE%AE%E8%BD%AF%E9%9B%85%E9%BB%91" displayName="%E5%BE%AE%E8%BD%AF%E9%9B%85%E9%BB%91" postScript="" weightStyle="Regular" weight="400" isBold="False" isItalic="False"/>
      <text>1.%E4%B8%A4%E4%B8%AA%E4%B8%BB%E6%92%ADPK%E5%BB%BA%E7%AB%8B%E8%BF%9E%E6%8E%A5%E4%B9%8B%E5%90%8E%E7%9B%B4%E6%92%AD%E9%97%B4%E5%8F%98%E4%B8%BA%E6%96%B0%E7%9A%84%E6%A0%B7%E5%BC%8F%0D%0A%0D%0A2.%E5%BD%93%E7%94%A8%E6%88%B7%E4%BB%8E%E4%B8%8D%E5%90%8C%E7%9A%84%E4%B8%BB%E6%92%AD%E5%85%A5%E5%8F%A3%E8%BF%9B%E5%85%A5%E6%97%B6%EF%BC%8C%E8%BF%9B%E5%85%A5%E5%88%B0%E7%9A%84%E6%98%AF%E5%90%84%E8%87%AA%E4%B8%BB%E6%92%AD%E7%9A%84%E4%B8%BB%E5%9C%BA%0D%0A%E4%B8%BB%E5%9C%BA%EF%BC%9A%E6%95%B4%E4%B8%AA%E7%9B%B4%E6%92%AD%E9%97%B4%E8%A7%82%E4%BC%97%EF%BC%8C%E8%81%8A%E5%A4%A9%EF%BC%8C%E9%80%81%E7%A4%BC%EF%BC%8C%E9%83%BD%E6%98%AF%E8%AF%A5%E4%B8%BB%E6%92%AD%E7%9A%84%E5%86%85%E5%AE%B9%0D%0A%0D%0A3.PK%E7%9B%B4%E6%92%AD%E9%97%B4%E5%86%85%E5%8F%96%E6%B6%88%E8%BF%9E%E9%BA%A6%E6%8C%89%E9%92%AE%EF%BC%8C%E4%B8%8D%E5%85%81%E8%AE%B8%E5%90%91%E4%B8%BB%E6%92%AD%E5%8F%91%E8%B5%B7%E8%BF%9E%E9%BA%A6%E8%AF%B7%E6%B1%82</text>
      <textSize>16</textSize>
      <useDefaultTextSize>False</useDefaultTextSize>
      <selectedIndex>-1</selectedIndex>
    </control>
  </controls>
  <param>
    <backgroundColor>4294967295</backgroundColor>
    <fontSize>0</fontSize>
    <fontFamily/>
    <guideLines/>
  </param>
</mockup>