﻿<mockup version="5.3" minAllowVersion="5.3" ID="839E0CF6-59A3-4139-99EA-4180ED11350E" platform="MtBlank" defaultW="6000" defaultH="6000" measureW="6000" measureH="6000" mobileScreenScale="0">
  <controls controlCount="4">
    <control controlID="F25BC660-FA06-4D94-B1A3-0CFDAFECA2B7" controlTypeID="Image" x="342" y="98" w="442" h="884" zOrder="0">
      <URL>2346797DF330CC2C18AF6BC68C5A68EB.png</URL>
    </control>
    <control controlID="3258DF0C-4654-4693-860F-5EB8380F575F" controlTypeID="ButtonBar" x="362" y="844" w="394" h="28" zOrder="1">
      <font family="%E5%BE%AE%E8%BD%AF%E9%9B%85%E9%BB%91" displayName="%E5%BE%AE%E8%BD%AF%E9%9B%85%E9%BB%91" postScript="" weightStyle="Regular" weight="400" isBold="False" isItalic="False"/>
      <text>%E6%9C%8B%E5%8F%8B%E5%9C%88%2C%E5%BE%AE%E4%BF%A1%2CQQ%2CQQ%E7%A9%BA%E9%97%B4</text>
      <textColor>4278255360</textColor>
      <lineSpacing>0</lineSpacing>
    </control>
    <control controlID="1A54009E-E209-452F-85C3-8975948F8D43" controlTypeID="StickyNote" x="808" y="314" w="446" h="255" zOrder="2">
      <font family="%E5%BE%AE%E8%BD%AF%E9%9B%85%E9%BB%91" displayName="%E5%BE%AE%E8%BD%AF%E9%9B%85%E9%BB%91" postScript="" weightStyle="Regular" weight="400" isBold="False" isItalic="False"/>
      <text>1.%E5%BC%80%E6%92%AD%E5%8F%AF%E9%80%89%E6%8B%A9%E5%88%86%E4%BA%AB%EF%BC%9A%E5%BE%AE%E4%BF%A1%E6%9C%8B%E5%8F%8B%E5%9C%88%EF%BC%8C%E5%BE%AE%E4%BF%A1%EF%BC%8CQQ%EF%BC%8CQQ%E7%A9%BA%E9%97%B4%0D%0A%E9%BB%98%E8%AE%A4%E5%88%86%E4%BA%AB%E6%9C%8B%E5%8F%8B%E5%9C%88%E3%80%82%0D%0A%0D%0A2.%E5%B7%B2%E9%80%89%E4%B8%AD%E7%8A%B6%E6%80%81%EF%BC%8C%E5%86%8D%E6%AC%A1%E7%82%B9%E5%87%BB%E5%8D%B3%E5%8F%AF%E5%8F%96%E6%B6%88%E5%88%86%E4%BA%AB%EF%BC%8C%E7%9B%B4%E6%8E%A5%E5%BC%80%E6%92%AD%E3%80%82%0D%0A%0D%0A3.%E9%80%89%E6%8B%A9%E4%B8%80%E7%A7%8D%E5%88%86%E4%BA%AB%E7%8A%B6%E6%80%81%EF%BC%8C%E8%B7%B3%E5%87%BAAPP%E4%B9%8B%E5%90%8E%EF%BC%8C%E5%86%8D%E5%9B%9E%E6%9D%A5%E7%9B%B4%E6%8E%A5%E8%BF%9B%E5%85%A5%E5%BC%80%E6%92%AD%E9%A1%B5%E9%9D%A2%EF%BC%8C%E4%B8%8D%E7%AE%A1%E6%98%AF%E5%90%A6%E6%88%90%E5%8A%9F%EF%BC%88*%E5%BE%88%E9%87%8D%E8%A6%81*)</text>
      <selectedIndex>-1</selectedIndex>
    </control>
    <control controlID="A2FCEE5A-A0B6-4773-810A-81206D54F767" controlTypeID="Label" x="362" y="810" w="168" h="16" zOrder="3">
      <font family="%E5%BE%AE%E8%BD%AF%E9%9B%85%E9%BB%91" displayName="%E5%BE%AE%E8%BD%AF%E9%9B%85%E9%BB%91" postScript="" weightStyle="Regular" weight="400" isBold="False" isItalic="False"/>
      <text>%E5%88%86%E4%BA%AB%E7%9B%B4%E6%92%AD%E9%97%B4%EF%BC%8C%E8%AE%A9%E6%9B%B4%E5%A4%9A%E4%BA%BA%E6%9D%A5%E6%8D%A7%E5%9C%BA%E5%90%A7</text>
      <textColor>4294967295</textColor>
      <textSize>12</textSize>
      <lineSpacing>0</lineSpacing>
      <selectedIndex>-1</selectedIndex>
    </control>
  </controls>
  <param>
    <backgroundColor>4294967295</backgroundColor>
    <fontSize>0</fontSize>
    <fontFamily/>
    <guideLines/>
  </param>
</mockup>