﻿<mockup version="5.3" minAllowVersion="5.3" ID="9541BF63-D518-4FD6-8359-99B583DAAB4D" platform="MtBlank" defaultW="6000" defaultH="6000" measureW="6000" measureH="6000" mobileScreenScale="0">
  <controls controlCount="16">
    <control controlID="C8A69AF2-3DB4-4EBF-8C51-F5E9F53486C8" controlTypeID="IPhone2" x="75" y="45" w="400" h="800" zOrder="0"/>
    <control controlID="831BC24A-70A6-4B12-BB16-608621DC1918" controlTypeID="Shape" x="96" y="608" w="358" h="153" zOrder="1">
      <font family="%E5%BE%AE%E8%BD%AF%E9%9B%85%E9%BB%91" displayName="%E5%BE%AE%E8%BD%AF%E9%9B%85%E9%BB%91" postScript="" weightStyle="Regular" weight="400" isBold="False" isItalic="False"/>
      <selectedIndex>-1</selectedIndex>
    </control>
    <control controlID="AABE975B-2835-489A-8330-BF118B47CA2B" controlTypeID="ButtonBar" x="96" y="581" w="358" h="28" zOrder="2">
      <links eventType="AtClick" animate="AmNone" animateAutoDelay="0" animateDuration="500">
        <link targetPageID="30B9424A-5A0C-4D64-B105-23FC597107EC" linkType="ltPageLink" isApplyIncludePage="False" title="%E9%81%93%E5%85%B7">
          <area shape="0" alt="" ID="{74E1AD54-128E-4C03-BAD4-9AB4FE5CF2F7}" coords="(0.5,0.5,119.5,27.5)"/>
        </link>
        <link targetPageID="9541BF63-D518-4FD6-8359-99B583DAAB4D" linkType="ltPageLink" isApplyIncludePage="False" title="%E5%8B%8B%E7%AB%A0">
          <area shape="0" alt="" ID="{0B4AF784-EE47-4927-A657-D2DA4BB42FB1}" coords="(119.5,0.5,238.5,27.5)"/>
        </link>
        <link targetPageID="1181B28E-C6D0-4126-B2BB-A149114F2DFE" linkType="ltPageLink" isApplyIncludePage="False" title="%E8%BF%9B%E5%9C%BA%E7%89%B9%E6%95%88">
          <area shape="0" alt="" ID="{CD5B218F-0652-4E63-9621-D6FE1991E5F0}" coords="(238.5,0.5,357.5,27.5)"/>
        </link>
      </links>
      <font family="%E5%BE%AE%E8%BD%AF%E9%9B%85%E9%BB%91" displayName="%E5%BE%AE%E8%BD%AF%E9%9B%85%E9%BB%91" postScript="" weightStyle="Regular" weight="400" isBold="False" isItalic="False"/>
      <text>%E9%81%93%E5%85%B7%2C%E5%8B%8B%E7%AB%A0%2C%E8%BF%9B%E5%9C%BA%E7%89%B9%E6%95%88</text>
      <lineSpacing>0</lineSpacing>
      <selectedIndex>1</selectedIndex>
    </control>
    <control controlID="791E2146-0C13-449F-BE33-8960DC712B89" controlTypeID="Shape" x="117" y="644" w="41" h="41" zOrder="3">
      <color>4288256409</color>
      <font family="%E5%BE%AE%E8%BD%AF%E9%9B%85%E9%BB%91" displayName="%E5%BE%AE%E8%BD%AF%E9%9B%85%E9%BB%91" postScript="" weightStyle="Regular" weight="400" isBold="False" isItalic="False"/>
      <selectedIndex>-1</selectedIndex>
    </control>
    <control controlID="12CA12EB-2B86-4984-97C6-1A61E8A208FE" controlTypeID="Shape" x="183" y="644" w="41" h="41" zOrder="4">
      <color>4288256409</color>
      <font family="%E5%BE%AE%E8%BD%AF%E9%9B%85%E9%BB%91" displayName="%E5%BE%AE%E8%BD%AF%E9%9B%85%E9%BB%91" postScript="" weightStyle="Regular" weight="400" isBold="False" isItalic="False"/>
      <selectedIndex>-1</selectedIndex>
    </control>
    <control controlID="140169EE-F9A6-4F6E-82A6-D4011B8BE131" controlTypeID="Shape" x="250" y="644" w="41" h="41" zOrder="5">
      <color>4288256409</color>
      <font family="%E5%BE%AE%E8%BD%AF%E9%9B%85%E9%BB%91" displayName="%E5%BE%AE%E8%BD%AF%E9%9B%85%E9%BB%91" postScript="" weightStyle="Regular" weight="400" isBold="False" isItalic="False"/>
      <selectedIndex>-1</selectedIndex>
    </control>
    <control controlID="0B420BA3-FA03-492A-BDA0-422086460331" controlTypeID="Label" x="104" y="618" w="264" h="16" zOrder="6">
      <font family="%E5%BE%AE%E8%BD%AF%E9%9B%85%E9%BB%91" displayName="%E5%BE%AE%E8%BD%AF%E9%9B%85%E9%BB%91" postScript="" weightStyle="Regular" weight="400" isBold="False" isItalic="False"/>
      <text>%E8%BF%99%E9%87%8C%E6%98%AF%E4%B8%80%E8%A1%8C%E6%8F%8F%E8%BF%B0%E6%96%87%E5%AD%97%EF%BC%8C%E8%AF%B4%E6%98%8E%E5%8B%8B%E7%AB%A0%E5%86%85%E5%AE%B9%EF%BC%8C%E5%90%8E%E5%8F%B0%E6%9D%A5%E9%85%8D%E7%BD%AE</text>
      <textSize>12</textSize>
      <lineSpacing>0</lineSpacing>
      <selectedIndex>-1</selectedIndex>
    </control>
    <control controlID="163A03D0-CF23-4DE1-96CF-EE263F3B3E34" controlTypeID="Label" x="120" y="695" w="36" h="16" zOrder="7">
      <font family="%E5%BE%AE%E8%BD%AF%E9%9B%85%E9%BB%91" displayName="%E5%BE%AE%E8%BD%AF%E9%9B%85%E9%BB%91" postScript="" weightStyle="Regular" weight="400" isBold="False" isItalic="False"/>
      <text>%E6%BD%9C%E5%8A%9B%E8%82%A1</text>
      <textSize>12</textSize>
      <lineSpacing>0</lineSpacing>
      <selectedIndex>-1</selectedIndex>
    </control>
    <control controlID="DC11BC4F-4046-42AA-9EF5-EC808CE34625" controlTypeID="Label" x="192" y="695" w="24" h="16" zOrder="8">
      <font family="%E5%BE%AE%E8%BD%AF%E9%9B%85%E9%BB%91" displayName="%E5%BE%AE%E8%BD%AF%E9%9B%85%E9%BB%91" postScript="" weightStyle="Regular" weight="400" isBold="False" isItalic="False"/>
      <text>%E9%93%B6%E5%86%A0</text>
      <textSize>12</textSize>
      <lineSpacing>0</lineSpacing>
      <selectedIndex>-1</selectedIndex>
    </control>
    <control controlID="6AE1C5FD-2D85-451E-B168-DD40E1EFB50A" controlTypeID="Label" x="258" y="695" w="25" h="16" zOrder="9">
      <font family="%E5%BE%AE%E8%BD%AF%E9%9B%85%E9%BB%91" displayName="%E5%BE%AE%E8%BD%AF%E9%9B%85%E9%BB%91" postScript="" weightStyle="Regular" weight="400" isBold="False" isItalic="False"/>
      <text>xxx2</text>
      <textSize>12</textSize>
      <lineSpacing>0</lineSpacing>
      <selectedIndex>-1</selectedIndex>
    </control>
    <control controlID="43494957-4DCB-4B97-B844-16E5DABFCE95" controlTypeID="Button" x="383" y="727" w="61" h="24" zOrder="10">
      <font family="%E5%BE%AE%E8%BD%AF%E9%9B%85%E9%BB%91" displayName="%E5%BE%AE%E8%BD%AF%E9%9B%85%E9%BB%91" postScript="" weightStyle="Regular" weight="400" isBold="False" isItalic="False"/>
      <text>%E4%BD%BF%E7%94%A8</text>
      <textSize>12</textSize>
      <lineSpacing>0</lineSpacing>
      <selectedIndex>-1</selectedIndex>
      <radius>4</radius>
    </control>
    <control controlID="469C47F9-C1BC-4413-B9EA-14160049E5D7" controlTypeID="Label" x="200" y="644" w="35" h="16" zOrder="11">
      <font family="%E5%BE%AE%E8%BD%AF%E9%9B%85%E9%BB%91" displayName="%E5%BE%AE%E8%BD%AF%E9%9B%85%E9%BB%91" postScript="" weightStyle="Regular" weight="400" isBold="False" isItalic="False"/>
      <text>%E4%BD%BF%E7%94%A8%E4%B8%AD</text>
      <textColor>4294901760</textColor>
      <textSize>12</textSize>
      <lineSpacing>0</lineSpacing>
      <selectedIndex>-1</selectedIndex>
    </control>
    <control controlID="448B5746-048C-4EEC-9CD3-EC9D1DE49121" controlTypeID="Shape" x="110" y="639" w="63" h="79" zOrder="12">
      <color>4288256409</color>
      <opacity>0.5</opacity>
      <font family="%E5%BE%AE%E8%BD%AF%E9%9B%85%E9%BB%91" displayName="%E5%BE%AE%E8%BD%AF%E9%9B%85%E9%BB%91" postScript="" weightStyle="Regular" weight="400" isBold="False" isItalic="False"/>
      <selectedIndex>-1</selectedIndex>
    </control>
    <control controlID="7A0BE6E5-69BE-4F9E-B3EA-D270603FC30B" controlTypeID="StickyNote" x="512" y="189" w="325" h="285" zOrder="13">
      <font family="%E5%BE%AE%E8%BD%AF%E9%9B%85%E9%BB%91" displayName="%E5%BE%AE%E8%BD%AF%E9%9B%85%E9%BB%91" postScript="" weightStyle="Regular" weight="400" isBold="False" isItalic="False"/>
      <text>1.%E7%94%A8%E6%88%B7%E8%8E%B7%E5%BE%97%E7%9A%84%E5%8B%8B%E7%AB%A0%E5%B1%95%E7%A4%BA%E5%9C%A8%E8%BF%99%E4%B8%AA%E9%A1%B5%E9%9D%A2%EF%BC%8C%E5%8F%AF%E4%BB%A5%E8%87%AA%E7%94%B1%E9%80%89%E6%8B%A9%E4%BD%BF%E7%94%A8%E6%88%96%E8%80%85%E5%8F%96%E6%B6%88%E3%80%82%0D%0A%0D%0A2.%E5%90%8C%E4%B8%80%E6%97%B6%E9%97%B4%E5%8F%AA%E8%83%BD%E4%BD%BF%E7%94%A8%E4%B8%80%E4%B8%AA%0D%0A%0D%0A3.%E5%BD%93%E5%89%8D%E6%AD%A3%E5%9C%A8%E4%BD%BF%E7%94%A8%E7%9A%84%E6%98%BE%E7%A4%BA%E4%B8%80%E4%B8%AA%E4%BD%BF%E7%94%A8%E4%B8%AD%E7%9A%84%E6%A0%87%E5%BF%97%0D%0A%0D%0A4.%E9%80%89%E6%8B%A9%E6%9C%AA%E4%BD%BF%E7%94%A8%E7%9A%84%E6%A0%87%E7%AD%BE%E5%8F%AF%E4%BB%A5%E7%82%B9%E5%87%BB%E4%BD%BF%E7%94%A8%0D%0A%0D%0A5.%E9%80%89%E6%8B%A9%E4%BD%BF%E7%94%A8%E4%B8%AD%E7%9A%84%E6%A0%87%E7%AD%BE%EF%BC%8C%E6%8C%89%E9%92%AE%E5%8F%98%E6%88%90%E5%8F%96%E6%B6%88%EF%BC%8C%E5%8F%AF%E4%BB%A5%E5%8F%96%E6%B6%88%E5%BD%93%E5%89%8D%E4%BD%BF%E7%94%A8%E4%B8%AD%E7%9A%84%E6%A0%87%E7%AD%BE%0D%0A%0D%0A6.%E8%BF%9B%E5%9C%BA%E7%89%B9%E6%95%88%E5%90%8C%E4%B8%8A%0D%0A%0D%0A</text>
      <selectedIndex>-1</selectedIndex>
    </control>
    <control controlID="88BBF9FA-8E28-428E-9515-718443C3506B" controlTypeID="StickyNote" x="516" y="519" w="325" h="285" zOrder="14">
      <font family="%E5%BE%AE%E8%BD%AF%E9%9B%85%E9%BB%91" displayName="%E5%BE%AE%E8%BD%AF%E9%9B%85%E9%BB%91" postScript="" weightStyle="Regular" weight="400" isBold="False" isItalic="False"/>
      <text>%E8%AE%BE%E8%AE%A1%E9%9C%80%E8%A6%81%E5%AF%B9%E5%BD%93%E5%89%8D%E7%89%88%E6%9C%AC%E7%9A%84%E6%BD%9C%E5%8A%9B%E8%82%A1%EF%BC%8C%E8%B4%B5%E6%97%8F%E5%90%84%E7%BA%A7%E5%A4%84%E7%90%86%E6%88%90%E5%9B%BE%E7%89%87%E6%A0%B7%E5%BC%8F%EF%BC%8C%E4%B8%8A%E4%BC%A0%E5%88%B0%E5%90%8E%E5%8F%B0%0D%0A%0D%0A%E8%B4%B5%E6%97%8F%E8%BF%9B%E5%9C%BA%E6%95%88%E6%9E%9C%E5%A4%84%E7%90%86%E6%88%90%E5%9B%BE%E7%89%87%E4%B8%8A%E4%BC%A0%E5%88%B0%E5%90%8E%E5%8F%B0</text>
      <selectedIndex>-1</selectedIndex>
    </control>
    <control controlID="86E5CA8C-A793-49D4-9D4E-A66793CE944A" controlTypeID="Button" x="384" y="771" w="60" h="24" zOrder="15">
      <font family="%E5%BE%AE%E8%BD%AF%E9%9B%85%E9%BB%91" displayName="%E5%BE%AE%E8%BD%AF%E9%9B%85%E9%BB%91" postScript="" weightStyle="Regular" weight="400" isBold="False" isItalic="False"/>
      <text>%E5%8F%96%E6%B6%88</text>
      <textSize>12</textSize>
      <lineSpacing>0</lineSpacing>
      <selectedIndex>-1</selectedIndex>
      <radius>4</radius>
    </control>
  </controls>
  <param>
    <backgroundColor>4294967295</backgroundColor>
    <fontSize>0</fontSize>
    <fontFamily/>
    <guideLines/>
  </param>
</mockup>