﻿<mockup version="5.3" minAllowVersion="5.3" ID="A022EBB0-88A5-4F27-9A5C-C4F52F50B357" platform="MtBlank" defaultW="6000" defaultH="6000" measureW="6000" measureH="6000" mobileScreenScale="0">
  <controls controlCount="5">
    <control controlID="36DC3D7B-AB16-4C63-8C5D-B09712A4F8E5" controlTypeID="IPhone2" x="467" y="53" w="400" h="800" zOrder="0"/>
    <control controlID="5142D84C-C942-44D2-8553-FE19C82FCFE1" controlTypeID="Shape" x="691" y="569" w="136" h="165" zOrder="1">
      <font family="%E5%BE%AE%E8%BD%AF%E9%9B%85%E9%BB%91" displayName="%E5%BE%AE%E8%BD%AF%E9%9B%85%E9%BB%91" postScript="" weightStyle="Regular" weight="400" isBold="False" isItalic="False"/>
      <text>%0D%0A%E6%AD%A3%E5%9C%A8%E5%8F%91%E8%B5%B7PK%E7%94%B3%E8%AF%B7%0D%0A%E4%B8%BB%E6%92%AD%E6%98%B5%E7%A7%B0%0D%0AID%EF%BC%9A452455%0D%0A</text>
      <textVAlign>VaTop</textVAlign>
      <selectedIndex>-1</selectedIndex>
    </control>
    <control controlID="E5E3A40C-CD96-4D07-8193-018184133847" controlTypeID="Circle" x="731" y="642" w="50" h="50" zOrder="2">
      <font family="%E5%BE%AE%E8%BD%AF%E9%9B%85%E9%BB%91" displayName="%E5%BE%AE%E8%BD%AF%E9%9B%85%E9%BB%91" postScript="" weightStyle="Regular" weight="400" isBold="False" isItalic="False"/>
      <text>60s</text>
      <selectedIndex>-1</selectedIndex>
      <shapeBorderType>SbEllipse</shapeBorderType>
    </control>
    <control controlID="DCF24430-0713-4144-B3B4-098788B416D2" controlTypeID="Button" x="724" y="698" w="70" h="28" zOrder="3">
      <font family="%E5%BE%AE%E8%BD%AF%E9%9B%85%E9%BB%91" displayName="%E5%BE%AE%E8%BD%AF%E9%9B%85%E9%BB%91" postScript="" weightStyle="Regular" weight="400" isBold="False" isItalic="False"/>
      <text>%E5%8F%96%E6%B6%88</text>
      <textSize>12</textSize>
      <lineSpacing>0</lineSpacing>
      <selectedIndex>-1</selectedIndex>
      <radius>4</radius>
    </control>
    <control controlID="61304F61-4ADD-44EA-8DC6-85340C73A2A8" controlTypeID="StickyNote" x="942" y="275" w="232" h="231" zOrder="4">
      <font family="%E5%BE%AE%E8%BD%AF%E9%9B%85%E9%BB%91" displayName="%E5%BE%AE%E8%BD%AF%E9%9B%85%E9%BB%91" postScript="" weightStyle="Regular" weight="400" isBold="False" isItalic="False"/>
      <text>%E5%8F%91%E8%B5%B7PK%E8%BF%9B%E5%85%A560s%E5%80%92%E8%AE%A1%E6%97%B6%EF%BC%8C%E5%80%92%E8%AE%A1%E6%97%B6%E7%BB%93%E6%9D%9F%E5%90%8E%E5%8F%96%E6%B6%88PK%E8%AF%B7%E6%B1%82%0D%0A%0D%0A%E7%82%B9%E5%87%BB%E5%8F%96%E6%B6%88%E6%8C%89%E9%92%AE%EF%BC%8C%E5%8F%96%E6%B6%88PK%E8%AF%B7%E6%B1%82</text>
      <selectedIndex>-1</selectedIndex>
    </control>
  </controls>
  <param>
    <backgroundColor>4294967295</backgroundColor>
    <fontSize>0</fontSize>
    <fontFamily/>
    <guideLines/>
    <remark>%E5%8F%91%E8%B5%B7PK%E8%BF%9B%E5%85%A560s%E5%80%92%E8%AE%A1%E6%97%B6%EF%BC%8C%E5%80%92%E8%AE%A1%E6%97%B6%E7%BB%93%E6%9D%9F%E5%90%8E%E5%8F%96%E6%B6%88PK%E8%AF%B7%E6%B1%82%0D%0A%0D%0A%E7%82%B9%E5%87%BB%E5%8F%96%E6%B6%88%E6%8C%89%E9%92%AE%EF%BC%8C%E5%8F%96%E6%B6%88PK%E8%AF%B7%E6%B1%82</remark>
  </param>
</mockup>