﻿<mockup version="5.3" minAllowVersion="5.3" ID="AB16129F-D64A-40C5-8ADF-F00B414E3E35" platform="MtBlank" defaultW="6000" defaultH="6000" measureW="6000" measureH="6000" mobileScreenScale="0">
  <controls controlCount="9">
    <control controlID="E9698441-9504-4742-B6BE-01D057AE8CEC" controlTypeID="IPhone2" x="471" y="72" w="400" h="800" zOrder="0"/>
    <control controlID="BE11133C-B6CC-4898-90AE-310CA80F22B9" controlTypeID="Shape" x="569" y="351" w="203" h="283" zOrder="1">
      <font family="%E5%BE%AE%E8%BD%AF%E9%9B%85%E9%BB%91" displayName="%E5%BE%AE%E8%BD%AF%E9%9B%85%E9%BB%91" postScript="" weightStyle="Regular" weight="400" isBold="False" isItalic="False"/>
      <selectedIndex>-1</selectedIndex>
    </control>
    <control controlID="6EC51D7B-0124-4B08-90D5-C5CB77B3CBE3" controlTypeID="Circle" x="630" y="376" w="62" h="62" zOrder="2">
      <font family="%E5%BE%AE%E8%BD%AF%E9%9B%85%E9%BB%91" displayName="%E5%BE%AE%E8%BD%AF%E9%9B%85%E9%BB%91" postScript="" weightStyle="Regular" weight="400" isBold="False" isItalic="False"/>
      <selectedIndex>-1</selectedIndex>
      <shapeBorderType>SbEllipse</shapeBorderType>
    </control>
    <control controlID="4B280B1C-D336-45B0-9E2B-09B01A9090ED" controlTypeID="Label" x="637" y="448" w="28" h="16" zOrder="3">
      <font family="%E5%BE%AE%E8%BD%AF%E9%9B%85%E9%BB%91" displayName="%E5%BE%AE%E8%BD%AF%E9%9B%85%E9%BB%91" postScript="" weightStyle="Regular" weight="400" isBold="False" isItalic="False"/>
      <text>%E6%98%B5%E7%A7%B0%EF%BC%9A</text>
      <textSize>12</textSize>
      <lineSpacing>0</lineSpacing>
      <selectedIndex>-1</selectedIndex>
    </control>
    <control controlID="5528DA6A-BE6E-4CCA-9C46-C16FAF434D3A" controlTypeID="Label" x="637" y="484" w="63" h="16" zOrder="4">
      <font family="%E5%BE%AE%E8%BD%AF%E9%9B%85%E9%BB%91" displayName="%E5%BE%AE%E8%BD%AF%E9%9B%85%E9%BB%91" postScript="" weightStyle="Regular" weight="400" isBold="False" isItalic="False"/>
      <text>%E5%8F%91%E6%9D%A5PK%E8%AF%B7%E6%B1%82</text>
      <textSize>12</textSize>
      <lineSpacing>0</lineSpacing>
      <selectedIndex>-1</selectedIndex>
    </control>
    <control controlID="BD5C8AAD-DA50-4E93-B90F-01CB014AFEFB" controlTypeID="Button" x="692" y="531" w="70" h="28" zOrder="5">
      <links eventType="AtClick" animate="AmNone" animateAutoDelay="0" animateDuration="500">
        <link targetPageID="FEF21C6B-C91F-4C92-BB18-3CCEC598DF59" linkType="ltPageLink" isApplyIncludePage="False" title="%E6%8E%A5%E9%80%9A%E8%BF%87%E7%A8%8B1">
          <area shape="0" alt="" ID="{052DF8A8-E9E0-4D1E-AC09-7D15971A1149}" coords="(0,0,70,28)"/>
        </link>
      </links>
      <font family="%E5%BE%AE%E8%BD%AF%E9%9B%85%E9%BB%91" displayName="%E5%BE%AE%E8%BD%AF%E9%9B%85%E9%BB%91" postScript="" weightStyle="Regular" weight="400" isBold="False" isItalic="False"/>
      <text>%E6%8E%A5%E5%8F%97</text>
      <textSize>12</textSize>
      <lineSpacing>0</lineSpacing>
      <selectedIndex>-1</selectedIndex>
      <radius>4</radius>
    </control>
    <control controlID="F4E3A9B7-D7A7-4F8F-A81B-9AFCEC0BFE51" controlTypeID="Button" x="588" y="531" w="70" h="28" zOrder="6">
      <font family="%E5%BE%AE%E8%BD%AF%E9%9B%85%E9%BB%91" displayName="%E5%BE%AE%E8%BD%AF%E9%9B%85%E9%BB%91" postScript="" weightStyle="Regular" weight="400" isBold="False" isItalic="False"/>
      <text>%E6%8B%92%E7%BB%9D</text>
      <textSize>12</textSize>
      <lineSpacing>0</lineSpacing>
      <selectedIndex>-1</selectedIndex>
      <radius>4</radius>
    </control>
    <control controlID="2A0E6CE8-A96B-4A2D-968C-A578B5524034" controlTypeID="Button" x="601" y="597" w="146" h="27" zOrder="7">
      <font family="%E5%BE%AE%E8%BD%AF%E9%9B%85%E9%BB%91" displayName="%E5%BE%AE%E8%BD%AF%E9%9B%85%E9%BB%91" postScript="" weightStyle="Regular" weight="400" isBold="False" isItalic="False"/>
      <text>%E5%BD%93%E5%A4%A9%E4%B8%8D%E5%86%8D%E6%8E%A5%E5%8F%97</text>
      <textSize>10</textSize>
      <lineSpacing>0</lineSpacing>
      <useDefaultTextSize>False</useDefaultTextSize>
      <selectedIndex>-1</selectedIndex>
      <radius>4</radius>
    </control>
    <control controlID="D4F74828-67D7-4E82-87A8-646189CE5833" controlTypeID="StickyNote" x="899" y="336" w="312" h="188" zOrder="8">
      <font family="%E5%BE%AE%E8%BD%AF%E9%9B%85%E9%BB%91" displayName="%E5%BE%AE%E8%BD%AF%E9%9B%85%E9%BB%91" postScript="" weightStyle="Regular" weight="400" isBold="False" isItalic="False"/>
      <text>%E6%8E%A5%E5%8F%97%E8%BF%9B%E5%85%A5%E5%88%B0%E6%8E%A5%E9%80%9A%E6%B5%81%E7%A8%8B%0D%0A%0D%0A%E6%8B%92%E7%BB%9D%EF%BC%8C%E5%8F%96%E6%B6%88%E5%BC%B9%E7%AA%97%EF%BC%8C%E5%90%8C%E6%97%B6%E5%8F%91%E8%B5%B7%E6%96%B9%E6%8E%A5%E5%88%B0%E6%8B%92%E7%BB%9D%E6%B6%88%E6%81%AF%0D%0A%0D%0A%E5%BD%93%E5%A4%A9%E4%B8%8D%E5%86%8D%E6%8E%A5%E5%8F%97%EF%BC%8C%E9%80%89%E6%8B%A9%E4%B9%8B%E5%90%8E%EF%BC%8C%E5%BD%93%E5%A4%A9%E8%AF%A5%E7%94%A8%E6%88%B7%E4%B8%8D%E5%86%8D%E6%8E%A5%E5%8F%97%E8%BF%99%E4%B8%AA%E4%B8%BB%E6%92%AD%E5%8F%91%E6%9D%A5%E7%9A%84PK%E8%AF%B7%E6%B1%82</text>
      <selectedIndex>-1</selectedIndex>
    </control>
  </controls>
  <param>
    <backgroundColor>4294967295</backgroundColor>
    <fontSize>0</fontSize>
    <fontFamily/>
    <guideLines/>
    <remark>1.%E6%8E%A5%E5%8F%97%E8%BF%9B%E5%85%A5%E5%88%B0%E6%8E%A5%E9%80%9A%E6%B5%81%E7%A8%8B%0D%0A%0D%0A1.%E6%8B%92%E7%BB%9D%EF%BC%8C%E5%8F%96%E6%B6%88%E5%BC%B9%E7%AA%97%EF%BC%8C%E5%90%8C%E6%97%B6%E5%8F%91%E8%B5%B7%E6%96%B9%E6%8E%A5%E5%88%B0%E6%8B%92%E7%BB%9D%E6%B6%88%E6%81%AF</remark>
  </param>
</mockup>