﻿<mockup version="5.3" minAllowVersion="5.3" ID="B31DBAFE-8400-4BC4-B0BA-7E4A59E95D12" platform="MtBlank" defaultW="6000" defaultH="6000" measureW="6000" measureH="6000" mobileScreenScale="0">
  <controls controlCount="21">
    <control controlID="6DE90FAA-1858-493E-A5BF-7F1EB672846E" controlTypeID="BrowserWindow" x="112" y="38" w="1097" h="830" zOrder="0">
      <font family="%E5%BE%AE%E8%BD%AF%E9%9B%85%E9%BB%91" displayName="%E5%BE%AE%E8%BD%AF%E9%9B%85%E9%BB%91" postScript="" weightStyle="Regular" weight="400" isBold="False" isItalic="False"/>
      <text>Mockplus%0D%0Ahttps%3A%2F%2Fwww.mockplus.cn</text>
      <textVAlign>VaTop</textVAlign>
      <lineSpacing>0</lineSpacing>
      <selectedIndex>-1</selectedIndex>
    </control>
    <control controlID="177A6242-2440-4CD1-B0CF-8E9A0312A69C" controlTypeID="Accordion" x="113" y="111" w="150" h="728" zOrder="1">
      <font family="%E5%BE%AE%E8%BD%AF%E9%9B%85%E9%BB%91" displayName="%E5%BE%AE%E8%BD%AF%E9%9B%85%E9%BB%91" postScript="" weightStyle="Regular" weight="400" isBold="False" isItalic="False"/>
      <text>%E5%B9%B3%E5%8F%B0%E9%85%8D%E7%BD%AE%0D%0A-%E5%85%8D%E8%B4%B9%E7%A4%BC%E7%89%A9%E9%85%8D%E7%BD%AE</text>
      <lineSpacing>0</lineSpacing>
    </control>
    <control controlID="7CBAE779-9A08-4668-873B-42203654675E" controlTypeID="Line" x="263" y="221" w="943" h="1" zOrder="2">
      <font family="%E5%BE%AE%E8%BD%AF%E9%9B%85%E9%BB%91" displayName="%E5%BE%AE%E8%BD%AF%E9%9B%85%E9%BB%91" postScript="" weightStyle="Regular" weight="400" isBold="False" isItalic="False"/>
      <lineSpacing>0</lineSpacing>
      <selectedIndex>-1</selectedIndex>
      <controlPoint>(472,0)</controlPoint>
      <startPoint>(0,0)</startPoint>
      <endPoint>(943,0)</endPoint>
    </control>
    <control controlID="58D8C3F9-C95D-41CF-A7DB-C6093594FFB4" controlTypeID="Label" x="298" y="148" w="72" h="16" zOrder="3">
      <font family="%E5%BE%AE%E8%BD%AF%E9%9B%85%E9%BB%91" displayName="%E5%BE%AE%E8%BD%AF%E9%9B%85%E9%BB%91" postScript="" weightStyle="Regular" weight="400" isBold="False" isItalic="False"/>
      <text>%E5%85%8D%E8%B4%B9%E7%A4%BC%E7%89%A9%E9%85%8D%E7%BD%AE</text>
      <textSize>12</textSize>
      <lineSpacing>0</lineSpacing>
      <selectedIndex>-1</selectedIndex>
    </control>
    <control controlID="7329DAC8-1B72-44E2-880D-1D66E864FF7C" controlTypeID="Button" x="651" y="143" w="66" h="20" zOrder="4">
      <font family="%E5%BE%AE%E8%BD%AF%E9%9B%85%E9%BB%91" displayName="%E5%BE%AE%E8%BD%AF%E9%9B%85%E9%BB%91" postScript="" weightStyle="Regular" weight="400" isBold="False" isItalic="False"/>
      <text>%E4%B8%8A%E4%BC%A0%E5%9B%BE%E7%89%87</text>
      <textSize>12</textSize>
      <lineSpacing>0</lineSpacing>
      <selectedIndex>-1</selectedIndex>
      <radius>4</radius>
    </control>
    <control controlID="DDE9EBDB-EEED-4812-AE54-C62CA3FB3EC1" controlTypeID="TextInput" x="413" y="141" w="138" h="24" zOrder="5">
      <font family="%E5%BE%AE%E8%BD%AF%E9%9B%85%E9%BB%91" displayName="%E5%BE%AE%E8%BD%AF%E9%9B%85%E9%BB%91" postScript="" weightStyle="Regular" weight="400" isBold="False" isItalic="False"/>
      <text>%E5%90%8D%E7%A7%B0</text>
      <textSize>12</textSize>
      <lineSpacing>0</lineSpacing>
      <selectedIndex>-1</selectedIndex>
    </control>
    <control controlID="593F3ED9-81C5-43A7-9BAD-716E21956C61" controlTypeID="Label" x="282" y="240" w="90" h="24" zOrder="6">
      <font family="%E5%BE%AE%E8%BD%AF%E9%9B%85%E9%BB%91" displayName="%E5%BE%AE%E8%BD%AF%E9%9B%85%E9%BB%91" postScript="" weightStyle="Regular" weight="400" isBold="False" isItalic="False"/>
      <text>%E4%B8%AD%E5%A5%96%E7%8E%87%E9%85%8D%E7%BD%AE</text>
      <textSize>18</textSize>
      <lineSpacing>0</lineSpacing>
      <useDefaultTextSize>False</useDefaultTextSize>
      <selectedIndex>-1</selectedIndex>
    </control>
    <control controlID="776C62B5-996D-4862-859D-7ED468974237" controlTypeID="Table" x="288" y="340" w="895" h="180" zOrder="7">
      <font family="%E5%BE%AE%E8%BD%AF%E9%9B%85%E9%BB%91" displayName="%E5%BE%AE%E8%BD%AF%E9%9B%85%E9%BB%91" postScript="" weightStyle="Regular" weight="400" isBold="False" isItalic="False"/>
      <text>%E4%B8%AD%E5%A5%96%E9%A1%B9%E7%9B%AE%09%E5%A5%96%E9%A1%B9%E4%B8%AA%E6%95%B0%09%E6%93%8D%E4%BD%9C%0910%E9%87%91%E5%B8%81%095%09%E4%BF%9D%E5%AD%98%2F%E5%88%A0%E9%99%A4%09100%E9%87%91%E5%B8%81%091%09%E4%BF%9D%E5%AD%98%2F%E5%88%A0%E9%99%A4%09%09%09%09%09%09%09%09%09</text>
      <textAlign>HaCenter</textAlign>
      <lineSpacing>0</lineSpacing>
      <thickness>1</thickness>
      <dashMode>SdSolid</dashMode>
      <tableStyle>tsNone</tableStyle>
      <fontFamily/>
      <fontWeight>Regular</fontWeight>
      <textStyles>[]</textStyles>
      <cells>
        <cell rows="0,0" cols="0,0">
          <fontFamily>%E5%BE%AE%E8%BD%AF%E9%9B%85%E9%BB%91</fontFamily>
          <fontWeight>Regular</fontWeight>
          <textStyles>[]</textStyles>
          <text>%E4%B8%AD%E5%A5%96%E9%A1%B9%E7%9B%AE</text>
          <textHeight>28</textHeight>
          <font family="%E5%BE%AE%E8%BD%AF%E9%9B%85%E9%BB%91" displayName="%E5%BE%AE%E8%BD%AF%E9%9B%85%E9%BB%91" postScript="" weightStyle="Regular" weight="400" isBold="False" isItalic="False"/>
        </cell>
        <cell rows="0,0" cols="1,1">
          <fontFamily>%E5%BE%AE%E8%BD%AF%E9%9B%85%E9%BB%91</fontFamily>
          <fontWeight>Regular</fontWeight>
          <textStyles>[]</textStyles>
          <text>%E5%A5%96%E9%A1%B9%E4%B8%AA%E6%95%B0</text>
          <textHeight>28</textHeight>
          <font family="%E5%BE%AE%E8%BD%AF%E9%9B%85%E9%BB%91" displayName="%E5%BE%AE%E8%BD%AF%E9%9B%85%E9%BB%91" postScript="" weightStyle="Regular" weight="400" isBold="False" isItalic="False"/>
        </cell>
        <cell rows="0,0" cols="2,2">
          <fontFamily>%E5%BE%AE%E8%BD%AF%E9%9B%85%E9%BB%91</fontFamily>
          <fontWeight>Regular</fontWeight>
          <textStyles>[]</textStyles>
          <text>%E6%93%8D%E4%BD%9C</text>
          <textHeight>28</textHeight>
          <font family="%E5%BE%AE%E8%BD%AF%E9%9B%85%E9%BB%91" displayName="%E5%BE%AE%E8%BD%AF%E9%9B%85%E9%BB%91" postScript="" weightStyle="Regular" weight="400" isBold="False" isItalic="False"/>
        </cell>
        <cell rows="1,1" cols="0,0">
          <fontFamily>%E5%BE%AE%E8%BD%AF%E9%9B%85%E9%BB%91</fontFamily>
          <fontWeight>Regular</fontWeight>
          <textStyles>[]</textStyles>
          <text>10%E9%87%91%E5%B8%81</text>
          <textHeight>28</textHeight>
          <font family="%E5%BE%AE%E8%BD%AF%E9%9B%85%E9%BB%91" displayName="%E5%BE%AE%E8%BD%AF%E9%9B%85%E9%BB%91" postScript="" weightStyle="Regular" weight="400" isBold="False" isItalic="False"/>
        </cell>
        <cell rows="1,1" cols="1,1">
          <fontFamily>%E5%BE%AE%E8%BD%AF%E9%9B%85%E9%BB%91</fontFamily>
          <fontWeight>Regular</fontWeight>
          <textStyles>[]</textStyles>
          <text>5</text>
          <textHeight>28</textHeight>
          <font family="%E5%BE%AE%E8%BD%AF%E9%9B%85%E9%BB%91" displayName="%E5%BE%AE%E8%BD%AF%E9%9B%85%E9%BB%91" postScript="" weightStyle="Regular" weight="400" isBold="False" isItalic="False"/>
        </cell>
        <cell rows="1,1" cols="2,2">
          <fontFamily>%E5%BE%AE%E8%BD%AF%E9%9B%85%E9%BB%91</fontFamily>
          <fontWeight>Regular</fontWeight>
          <textStyles>[]</textStyles>
          <text>%E4%BF%9D%E5%AD%98%2F%E5%88%A0%E9%99%A4</text>
          <textHeight>28</textHeight>
          <font family="%E5%BE%AE%E8%BD%AF%E9%9B%85%E9%BB%91" displayName="%E5%BE%AE%E8%BD%AF%E9%9B%85%E9%BB%91" postScript="" weightStyle="Regular" weight="400" isBold="False" isItalic="False"/>
        </cell>
        <cell rows="2,2" cols="0,0">
          <fontFamily>%E5%BE%AE%E8%BD%AF%E9%9B%85%E9%BB%91</fontFamily>
          <fontWeight>Regular</fontWeight>
          <textStyles>[]</textStyles>
          <text>100%E9%87%91%E5%B8%81</text>
          <textHeight>28</textHeight>
          <font family="%E5%BE%AE%E8%BD%AF%E9%9B%85%E9%BB%91" displayName="%E5%BE%AE%E8%BD%AF%E9%9B%85%E9%BB%91" postScript="" weightStyle="Regular" weight="400" isBold="False" isItalic="False"/>
        </cell>
        <cell rows="2,2" cols="1,1">
          <fontFamily>%E5%BE%AE%E8%BD%AF%E9%9B%85%E9%BB%91</fontFamily>
          <fontWeight>Regular</fontWeight>
          <textStyles>[]</textStyles>
          <text>1</text>
          <textHeight>28</textHeight>
          <font family="%E5%BE%AE%E8%BD%AF%E9%9B%85%E9%BB%91" displayName="%E5%BE%AE%E8%BD%AF%E9%9B%85%E9%BB%91" postScript="" weightStyle="Regular" weight="400" isBold="False" isItalic="False"/>
        </cell>
        <cell rows="2,2" cols="2,2">
          <fontFamily>%E5%BE%AE%E8%BD%AF%E9%9B%85%E9%BB%91</fontFamily>
          <fontWeight>Regular</fontWeight>
          <textStyles>[]</textStyles>
          <text>%E4%BF%9D%E5%AD%98%2F%E5%88%A0%E9%99%A4</text>
          <textHeight>28</textHeight>
          <font family="%E5%BE%AE%E8%BD%AF%E9%9B%85%E9%BB%91" displayName="%E5%BE%AE%E8%BD%AF%E9%9B%85%E9%BB%91" postScript="" weightStyle="Regular" weight="400" isBold="False" isItalic="False"/>
        </cell>
        <cell rows="3,3" cols="0,0">
          <fontFamily>%E5%BE%AE%E8%BD%AF%E9%9B%85%E9%BB%91</fontFamily>
          <fontWeight>Regular</fontWeight>
          <textStyles>[]</textStyles>
          <textHeight>12</textHeight>
          <font family="%E5%BE%AE%E8%BD%AF%E9%9B%85%E9%BB%91" displayName="%E5%BE%AE%E8%BD%AF%E9%9B%85%E9%BB%91" postScript="" weightStyle="Regular" weight="400" isBold="False" isItalic="False"/>
        </cell>
        <cell rows="3,3" cols="1,1">
          <fontFamily>%E5%BE%AE%E8%BD%AF%E9%9B%85%E9%BB%91</fontFamily>
          <fontWeight>Regular</fontWeight>
          <textStyles>[]</textStyles>
          <textHeight>12</textHeight>
          <font family="%E5%BE%AE%E8%BD%AF%E9%9B%85%E9%BB%91" displayName="%E5%BE%AE%E8%BD%AF%E9%9B%85%E9%BB%91" postScript="" weightStyle="Regular" weight="400" isBold="False" isItalic="False"/>
        </cell>
        <cell rows="3,3" cols="2,2">
          <fontFamily>%E5%BE%AE%E8%BD%AF%E9%9B%85%E9%BB%91</fontFamily>
          <fontWeight>Regular</fontWeight>
          <textStyles>[]</textStyles>
          <textHeight>12</textHeight>
          <font family="%E5%BE%AE%E8%BD%AF%E9%9B%85%E9%BB%91" displayName="%E5%BE%AE%E8%BD%AF%E9%9B%85%E9%BB%91" postScript="" weightStyle="Regular" weight="400" isBold="False" isItalic="False"/>
        </cell>
        <cell rows="4,4" cols="0,0">
          <fontFamily>%E5%BE%AE%E8%BD%AF%E9%9B%85%E9%BB%91</fontFamily>
          <fontWeight>Regular</fontWeight>
          <textStyles>[]</textStyles>
          <textHeight>12</textHeight>
          <font family="%E5%BE%AE%E8%BD%AF%E9%9B%85%E9%BB%91" displayName="%E5%BE%AE%E8%BD%AF%E9%9B%85%E9%BB%91" postScript="" weightStyle="Regular" weight="400" isBold="False" isItalic="False"/>
        </cell>
        <cell rows="4,4" cols="1,1">
          <fontFamily>%E5%BE%AE%E8%BD%AF%E9%9B%85%E9%BB%91</fontFamily>
          <fontWeight>Regular</fontWeight>
          <textStyles>[]</textStyles>
          <textHeight>12</textHeight>
          <font family="%E5%BE%AE%E8%BD%AF%E9%9B%85%E9%BB%91" displayName="%E5%BE%AE%E8%BD%AF%E9%9B%85%E9%BB%91" postScript="" weightStyle="Regular" weight="400" isBold="False" isItalic="False"/>
        </cell>
        <cell rows="4,4" cols="2,2">
          <fontFamily>%E5%BE%AE%E8%BD%AF%E9%9B%85%E9%BB%91</fontFamily>
          <fontWeight>Regular</fontWeight>
          <textStyles>[]</textStyles>
          <textHeight>12</textHeight>
          <font family="%E5%BE%AE%E8%BD%AF%E9%9B%85%E9%BB%91" displayName="%E5%BE%AE%E8%BD%AF%E9%9B%85%E9%BB%91" postScript="" weightStyle="Regular" weight="400" isBold="False" isItalic="False"/>
        </cell>
        <cell rows="5,5" cols="0,0">
          <fontFamily>%E5%BE%AE%E8%BD%AF%E9%9B%85%E9%BB%91</fontFamily>
          <fontWeight>Regular</fontWeight>
          <textStyles>[]</textStyles>
          <textHeight>12</textHeight>
          <font family="%E5%BE%AE%E8%BD%AF%E9%9B%85%E9%BB%91" displayName="%E5%BE%AE%E8%BD%AF%E9%9B%85%E9%BB%91" postScript="" weightStyle="Regular" weight="400" isBold="False" isItalic="False"/>
        </cell>
        <cell rows="5,5" cols="1,1">
          <fontFamily>%E5%BE%AE%E8%BD%AF%E9%9B%85%E9%BB%91</fontFamily>
          <fontWeight>Regular</fontWeight>
          <textStyles>[]</textStyles>
          <textHeight>12</textHeight>
          <font family="%E5%BE%AE%E8%BD%AF%E9%9B%85%E9%BB%91" displayName="%E5%BE%AE%E8%BD%AF%E9%9B%85%E9%BB%91" postScript="" weightStyle="Regular" weight="400" isBold="False" isItalic="False"/>
        </cell>
        <cell rows="5,5" cols="2,2">
          <fontFamily>%E5%BE%AE%E8%BD%AF%E9%9B%85%E9%BB%91</fontFamily>
          <fontWeight>Regular</fontWeight>
          <textStyles>[]</textStyles>
          <textHeight>12</textHeight>
          <font family="%E5%BE%AE%E8%BD%AF%E9%9B%85%E9%BB%91" displayName="%E5%BE%AE%E8%BD%AF%E9%9B%85%E9%BB%91" postScript="" weightStyle="Regular" weight="400" isBold="False" isItalic="False"/>
        </cell>
      </cells>
      <rows>
        <row height="30">
          <fontFamily/>
          <fontWeight>Regular</fontWeight>
          <textStyles>[]</textStyles>
          <isAutoRowHeight>True</isAutoRowHeight>
        </row>
        <row height="30">
          <fontFamily/>
          <fontWeight>Regular</fontWeight>
          <textStyles>[]</textStyles>
          <isAutoRowHeight>True</isAutoRowHeight>
        </row>
        <row height="30">
          <fontFamily/>
          <fontWeight>Regular</fontWeight>
          <textStyles>[]</textStyles>
          <isAutoRowHeight>True</isAutoRowHeight>
        </row>
        <row height="30">
          <fontFamily/>
          <fontWeight>Regular</fontWeight>
          <textStyles>[]</textStyles>
          <isAutoRowHeight>True</isAutoRowHeight>
        </row>
        <row height="30">
          <fontFamily/>
          <fontWeight>Regular</fontWeight>
          <textStyles>[]</textStyles>
          <isAutoRowHeight>True</isAutoRowHeight>
        </row>
        <row height="30">
          <fontFamily/>
          <fontWeight>Regular</fontWeight>
          <textStyles>[]</textStyles>
          <isAutoRowHeight>True</isAutoRowHeight>
        </row>
      </rows>
      <cols>
        <col width="298">
          <fontFamily/>
          <fontWeight>Regular</fontWeight>
          <textStyles>[]</textStyles>
        </col>
        <col width="298">
          <fontFamily/>
          <fontWeight>Regular</fontWeight>
          <textStyles>[]</textStyles>
        </col>
        <col width="299">
          <fontFamily/>
          <fontWeight>Regular</fontWeight>
          <textStyles>[]</textStyles>
        </col>
      </cols>
    </control>
    <control controlID="DC28469B-1C14-4944-90DC-63FE896BD761" controlTypeID="Label" x="282" y="293" w="60" h="16" zOrder="8">
      <font family="%E5%BE%AE%E8%BD%AF%E9%9B%85%E9%BB%91" displayName="%E5%BE%AE%E8%BD%AF%E9%9B%85%E9%BB%91" postScript="" weightStyle="Regular" weight="400" isBold="False" isItalic="False"/>
      <text>%E5%BE%AA%E7%8E%AF%E6%80%BB%E6%AC%A1%E6%95%B0</text>
      <textSize>12</textSize>
      <lineSpacing>0</lineSpacing>
      <selectedIndex>-1</selectedIndex>
    </control>
    <control controlID="E0668B74-75AD-4FDD-B8A8-502D459B7578" controlTypeID="TextInput" x="352" y="289" w="82" h="24" zOrder="9">
      <font family="%E5%BE%AE%E8%BD%AF%E9%9B%85%E9%BB%91" displayName="%E5%BE%AE%E8%BD%AF%E9%9B%85%E9%BB%91" postScript="" weightStyle="Regular" weight="400" isBold="False" isItalic="False"/>
      <text>2000000</text>
      <textSize>12</textSize>
      <lineSpacing>0</lineSpacing>
      <selectedIndex>-1</selectedIndex>
    </control>
    <control controlID="BD8267C8-563D-409E-809E-57B97EC9EA99" controlTypeID="Button" x="1059" y="287" w="88" h="28" zOrder="10">
      <interactiveData>
        <entry title="">
          <area shape="0" alt="" ID="{5C08584C-6E90-49C6-AEE4-557D13FA8BA0}" coords="(0,0,88,28)"/>
          <events title="">
            <event eventType="atClick" isChecked="True">
              <behaviour title="" isChecked="True" isWait="False" isLoop="False" execMode="emParallel">
                <target targetID="2175C6AE-EB82-454C-8750-3F6E81B6FABE" isChecked="True" isAutoRecovery="False" isLoop="False" execMode="emSequence">
                  <command name="Popup State Change" isChecked="True" descrition="">
                    <param name="AniInterpolation" value="0" varType="3" description=""/>
                    <param name="AniDuration" value="200" varType="3" description=""/>
                    <param name="AniAutoReverse" value="False" varType="11" description=""/>
                    <param name="AniLoop" value="False" varType="11" description=""/>
                    <param name="AniInterpolationTypeOut" value="False" varType="11" description=""/>
                    <param name="Delay" value="0" varType="3" description=""/>
                    <param name="Value" value="2" varType="3" description=""/>
                    <param name="AniType" value="0" varType="3" description=""/>
                  </command>
                </target>
              </behaviour>
            </event>
          </events>
        </entry>
      </interactiveData>
      <font family="%E5%BE%AE%E8%BD%AF%E9%9B%85%E9%BB%91" displayName="%E5%BE%AE%E8%BD%AF%E9%9B%85%E9%BB%91" postScript="" weightStyle="Regular" weight="400" isBold="False" isItalic="False"/>
      <text>%E6%96%B0%E5%A2%9E%E4%B8%AD%E5%A5%96%E7%B1%BB%E7%9B%AE</text>
      <textSize>12</textSize>
      <lineSpacing>0</lineSpacing>
      <selectedIndex>-1</selectedIndex>
      <radius>4</radius>
    </control>
    <control controlID="2175C6AE-EB82-454C-8750-3F6E81B6FABE" controlTypeID="PopupPanel" x="1239" y="375" w="46" h="46" zOrder="11">
      <groupChildrenDescriptors>
        <control controlID="6F11A4BD-3F24-44A4-BD03-C78D52A676B7" controlTypeID="Panel" x="0" y="0" w="6000" h="6000" zOrder="0">
          <locked>True</locked>
          <color>1879048192</color>
          <borderVisible>False</borderVisible>
          <canMove>False</canMove>
          <alias>background</alias>
          <groupChildrenDescriptors>
            <control controlID="6AD4D780-835A-4475-A7BB-0C0C2D878845" controlTypeID="Border" x="0" y="0" w="6000" h="6000" zOrder="0">
              <borderVisible>False</borderVisible>
              <alias>borderLayer</alias>
            </control>
          </groupChildrenDescriptors>
          <thinkness>1</thinkness>
        </control>
        <control controlID="D63EAD2B-CE7C-4B43-AD55-E47C32DA4AA5" controlTypeID="PopupPanelContent" x="395" y="360" w="700" h="355" zOrder="1">
          <color>16777215</color>
          <alias>content</alias>
          <groupChildrenDescriptors>
            <control controlID="A0540227-D938-45E4-83DF-DEA805A68466" controlTypeID="Shape" x="0" y="0" w="700" h="355" zOrder="0">
              <font family="%E5%BE%AE%E8%BD%AF%E9%9B%85%E9%BB%91" displayName="%E5%BE%AE%E8%BD%AF%E9%9B%85%E9%BB%91" postScript="" weightStyle="Regular" weight="400" isBold="False" isItalic="False"/>
              <selectedIndex>-1</selectedIndex>
            </control>
            <control controlID="B00B4B03-E978-4244-9F17-8E3511ED9ED2" controlTypeID="TextInput" x="332" y="44" w="138" h="24" zOrder="1">
              <font family="%E5%BE%AE%E8%BD%AF%E9%9B%85%E9%BB%91" displayName="%E5%BE%AE%E8%BD%AF%E9%9B%85%E9%BB%91" postScript="" weightStyle="Regular" weight="400" isBold="False" isItalic="False"/>
              <textSize>12</textSize>
              <lineSpacing>0</lineSpacing>
              <selectedIndex>-1</selectedIndex>
            </control>
            <control controlID="85B722D8-C6F6-42A7-B042-212DF1B49222" controlTypeID="TextInput" x="333" y="99" w="138" h="24" zOrder="2">
              <font family="%E5%BE%AE%E8%BD%AF%E9%9B%85%E9%BB%91" displayName="%E5%BE%AE%E8%BD%AF%E9%9B%85%E9%BB%91" postScript="" weightStyle="Regular" weight="400" isBold="False" isItalic="False"/>
              <textSize>12</textSize>
              <lineSpacing>0</lineSpacing>
              <selectedIndex>-1</selectedIndex>
            </control>
            <control controlID="C975856E-8902-47D6-B53D-D74760E4647A" controlTypeID="Label" x="227" y="52" w="46" h="16" zOrder="3">
              <font family="%E5%BE%AE%E8%BD%AF%E9%9B%85%E9%BB%91" displayName="%E5%BE%AE%E8%BD%AF%E9%9B%85%E9%BB%91" postScript="" weightStyle="Regular" weight="400" isBold="False" isItalic="False"/>
              <text>%E4%B8%AD%E5%A5%96%E9%A1%B9%E7%9B%AE</text>
              <textSize>12</textSize>
              <lineSpacing>0</lineSpacing>
              <selectedIndex>-1</selectedIndex>
            </control>
            <control controlID="669BAB30-042D-4197-85E1-7C095B0C7FB2" controlTypeID="Label" x="228" y="107" w="48" h="16" zOrder="4">
              <font family="%E5%BE%AE%E8%BD%AF%E9%9B%85%E9%BB%91" displayName="%E5%BE%AE%E8%BD%AF%E9%9B%85%E9%BB%91" postScript="" weightStyle="Regular" weight="400" isBold="False" isItalic="False"/>
              <text>%E5%A5%96%E9%A1%B9%E4%B8%AA%E6%95%B0</text>
              <textSize>12</textSize>
              <lineSpacing>0</lineSpacing>
              <selectedIndex>-1</selectedIndex>
            </control>
            <control controlID="442E7DE5-0C55-4FC3-AE7B-CD018BEFB146" controlTypeID="Button" x="242" y="231" w="229" h="28" zOrder="5">
              <font family="%E5%BE%AE%E8%BD%AF%E9%9B%85%E9%BB%91" displayName="%E5%BE%AE%E8%BD%AF%E9%9B%85%E9%BB%91" postScript="" weightStyle="Regular" weight="400" isBold="False" isItalic="False"/>
              <text>%E7%A1%AE%E8%AE%A4%E6%B7%BB%E5%8A%A0</text>
              <textSize>12</textSize>
              <lineSpacing>0</lineSpacing>
              <selectedIndex>-1</selectedIndex>
              <radius>4</radius>
            </control>
          </groupChildrenDescriptors>
        </control>
      </groupChildrenDescriptors>
    </control>
  </controls>
  <param>
    <backgroundColor>4294967295</backgroundColor>
    <fontSize>0</fontSize>
    <fontFamily/>
    <guideLines/>
  </param>
</mockup>