﻿<mockup version="5.3" minAllowVersion="5.3" ID="B37768AD-340F-4927-9C5E-08826164E91F" platform="MtBlank" defaultW="6000" defaultH="6000" measureW="6000" measureH="6000" mobileScreenScale="0">
  <controls controlCount="3">
    <control controlID="1F59B078-DD7A-4D82-BA5B-AB226C0392B6" controlTypeID="IPhone2" x="236" y="56" w="400" h="800" zOrder="0"/>
    <control controlID="A67E0181-2EFB-4CF5-BF2D-6F2F306402E3" controlTypeID="Button" x="481" y="738" w="36" h="26" zOrder="1">
      <links eventType="AtClick" animate="AmNone" animateAutoDelay="0" animateDuration="500">
        <link targetPageID="31702376-0D33-4CF4-A347-EB6EFE0FB467" linkType="ltPageLink" isApplyIncludePage="False" title="%E8%83%8C%E5%8C%85%E5%B1%95%E5%BC%80%E9%9D%A2%E6%9D%BF">
          <area shape="0" alt="" ID="{26949403-70CF-4786-B3E5-11EC39F745BA}" coords="(0,0,36,26)"/>
        </link>
      </links>
      <font family="%E5%BE%AE%E8%BD%AF%E9%9B%85%E9%BB%91" displayName="%E5%BE%AE%E8%BD%AF%E9%9B%85%E9%BB%91" postScript="" weightStyle="Regular" weight="400" isBold="False" isItalic="False"/>
      <text>%E8%83%8C%E5%8C%85</text>
      <textSize>12</textSize>
      <lineSpacing>0</lineSpacing>
      <selectedIndex>-1</selectedIndex>
      <radius>4</radius>
    </control>
    <control controlID="E23CE23E-9AB8-4A4A-91DC-A7A82BC4FC62" controlTypeID="StickyNote" x="641" y="238" w="334" h="201" zOrder="2">
      <font family="%E5%BE%AE%E8%BD%AF%E9%9B%85%E9%BB%91" displayName="%E5%BE%AE%E8%BD%AF%E9%9B%85%E9%BB%91" postScript="" weightStyle="Regular" weight="400" isBold="False" isItalic="False"/>
      <text>%E7%9B%B4%E6%92%AD%E9%97%B4%E5%BA%95%E9%83%A8%E6%B7%BB%E5%8A%A0%E4%B8%80%E4%B8%AA%E8%83%8C%E5%8C%85%E5%85%A5%E5%8F%A3%0D%0A%0D%0A%E8%A7%86%E8%A7%89%E4%B8%8A%E8%A6%81%E5%BC%B1%E4%BA%8E%E5%BD%93%E5%89%8D%E7%9A%84%E9%80%81%E7%A4%BC%E6%8C%89%E9%92%AE</text>
      <selectedIndex>-1</selectedIndex>
    </control>
  </controls>
  <param>
    <backgroundColor>4294967295</backgroundColor>
    <fontSize>0</fontSize>
    <fontFamily/>
    <guideLines/>
  </param>
</mockup>