﻿<mockup version="5.3" minAllowVersion="5.3" ID="D1DEEB78-1C6F-4A63-B72B-9B26057E80A7" platform="MtBlank" defaultW="6000" defaultH="6000" measureW="6000" measureH="6000" mobileScreenScale="0">
  <controls controlCount="36">
    <control controlID="BE263E5C-D5CD-42E2-86F7-8F115A808FF0" controlTypeID="IPhone2" x="98" y="61" w="400" h="800" zOrder="0"/>
    <control controlID="0C98C34D-0244-4FA2-B22B-9F026E7DDA9C" controlTypeID="Shape" x="135" y="232" w="158" h="256" zOrder="1">
      <font family="%E5%BE%AE%E8%BD%AF%E9%9B%85%E9%BB%91" displayName="%E5%BE%AE%E8%BD%AF%E9%9B%85%E9%BB%91" postScript="" weightStyle="Regular" weight="400" isBold="False" isItalic="False"/>
      <selectedIndex>-1</selectedIndex>
    </control>
    <control controlID="80CCDA78-1B0E-47E9-B4F5-B7FA3A956AF6" controlTypeID="Shape" x="309" y="232" w="158" h="256" zOrder="2">
      <font family="%E5%BE%AE%E8%BD%AF%E9%9B%85%E9%BB%91" displayName="%E5%BE%AE%E8%BD%AF%E9%9B%85%E9%BB%91" postScript="" weightStyle="Regular" weight="400" isBold="False" isItalic="False"/>
      <selectedIndex>-1</selectedIndex>
    </control>
    <control controlID="C10712B8-1483-4583-ADD1-DD7C07BE33A5" controlTypeID="Circle" x="130" y="175" w="52" h="52" zOrder="3">
      <font family="%E5%BE%AE%E8%BD%AF%E9%9B%85%E9%BB%91" displayName="%E5%BE%AE%E8%BD%AF%E9%9B%85%E9%BB%91" postScript="" weightStyle="Regular" weight="400" isBold="False" isItalic="False"/>
      <text>%E5%8F%91%E8%B5%B7%E6%96%B9</text>
      <selectedIndex>-1</selectedIndex>
      <shapeBorderType>SbEllipse</shapeBorderType>
    </control>
    <control controlID="8CCA015F-8967-4A0D-828C-8EC4C8AD8BAD" controlTypeID="Label" x="252" y="242" w="23" h="16" zOrder="4">
      <font family="%E5%BE%AE%E8%BD%AF%E9%9B%85%E9%BB%91" displayName="%E5%BE%AE%E8%BD%AF%E9%9B%85%E9%BB%91" postScript="" weightStyle="Regular" weight="400" isBold="False" isItalic="False"/>
      <text>%E4%B8%BB%E5%9C%BA</text>
      <textColor>4294901760</textColor>
      <textSize>12</textSize>
      <lineSpacing>0</lineSpacing>
      <useDefaultTextSize>False</useDefaultTextSize>
      <selectedIndex>-1</selectedIndex>
    </control>
    <control controlID="2447F638-E349-401D-83C9-133320032B55" controlTypeID="Button" x="392" y="240" w="65" h="21" zOrder="5">
      <color>4291611852</color>
      <font family="%E5%BE%AE%E8%BD%AF%E9%9B%85%E9%BB%91" displayName="%E5%BE%AE%E8%BD%AF%E9%9B%85%E9%BB%91" postScript="" weightStyle="Regular" weight="400" isBold="False" isItalic="False"/>
      <text>%E8%BF%9B%E5%85%A5%E7%9B%B4%E6%92%AD%E9%97%B4</text>
      <textSize>12</textSize>
      <lineSpacing>0</lineSpacing>
      <selectedIndex>-1</selectedIndex>
      <radius>4</radius>
    </control>
    <control controlID="F2B549A0-4339-41C8-82E2-63269C95FC2B" controlTypeID="Label" x="190" y="348" w="60" h="16" zOrder="6">
      <font family="%E5%BE%AE%E8%BD%AF%E9%9B%85%E9%BB%91" displayName="%E5%BE%AE%E8%BD%AF%E9%9B%85%E9%BB%91" postScript="" weightStyle="Regular" weight="400" isBold="False" isItalic="False"/>
      <text>%E5%8F%91%E8%B5%B7%E6%96%B9%E8%A7%86%E9%A2%91</text>
      <textSize>12</textSize>
      <lineSpacing>0</lineSpacing>
      <selectedIndex>-1</selectedIndex>
    </control>
    <control controlID="51B5AAB1-D6B4-439D-9FDF-1FC63B8E6D18" controlTypeID="Label" x="362" y="347" w="72" h="16" zOrder="7">
      <font family="%E5%BE%AE%E8%BD%AF%E9%9B%85%E9%BB%91" displayName="%E5%BE%AE%E8%BD%AF%E9%9B%85%E9%BB%91" postScript="" weightStyle="Regular" weight="400" isBold="False" isItalic="False"/>
      <text>%E6%8E%A5%E6%94%B6%E6%96%B9%E7%9A%84%E8%A7%86%E9%A2%91</text>
      <textSize>12</textSize>
      <lineSpacing>0</lineSpacing>
      <selectedIndex>-1</selectedIndex>
    </control>
    <control controlID="75989694-57BE-4C74-B9B5-D660834A3AA6" controlTypeID="ProgressBar" x="161" y="519" w="286" h="20" zOrder="8"/>
    <control controlID="C897F809-9884-4355-8089-14E095037FBC" controlTypeID="Label" x="190" y="521" w="21" h="16" zOrder="9">
      <font family="%E5%BE%AE%E8%BD%AF%E9%9B%85%E9%BB%91" displayName="%E5%BE%AE%E8%BD%AF%E9%9B%85%E9%BB%91" postScript="" weightStyle="Regular" weight="400" isBold="False" isItalic="False"/>
      <text>300</text>
      <textSize>12</textSize>
      <lineSpacing>0</lineSpacing>
      <selectedIndex>-1</selectedIndex>
    </control>
    <control controlID="0455FCE2-24A9-4A05-9AB5-5B7625DBE130" controlTypeID="Label" x="373" y="521" w="21" h="16" zOrder="10">
      <font family="%E5%BE%AE%E8%BD%AF%E9%9B%85%E9%BB%91" displayName="%E5%BE%AE%E8%BD%AF%E9%9B%85%E9%BB%91" postScript="" weightStyle="Regular" weight="400" isBold="False" isItalic="False"/>
      <text>700</text>
      <textSize>12</textSize>
      <lineSpacing>0</lineSpacing>
      <selectedIndex>-1</selectedIndex>
    </control>
    <control controlID="5947FE92-527D-43A6-8B63-AEAF8D4C3A3E" controlTypeID="Icon" x="286" y="495" w="24" h="24" zOrder="11">
      <icon>
        <ID/>
        <iconFontName>jdIonicons</iconFontName>
        <iconCode>62233</iconCode>
      </icon>
      <URL>713CF42FD64030D25A648407D6E1482C.svg</URL>
    </control>
    <control controlID="E9E187DD-EA4C-49CD-9648-A185ED3441D9" controlTypeID="Label" x="132" y="548" w="24" h="16" zOrder="12">
      <font family="%E5%BE%AE%E8%BD%AF%E9%9B%85%E9%BB%91" displayName="%E5%BE%AE%E8%BD%AF%E9%9B%85%E9%BB%91" postScript="" weightStyle="Regular" weight="400" isBold="False" isItalic="False"/>
      <text>%E6%88%91%E6%96%B9</text>
      <textSize>12</textSize>
      <lineSpacing>0</lineSpacing>
      <selectedIndex>-1</selectedIndex>
    </control>
    <control controlID="C4937F1B-9E27-4D73-B90F-A82BF6B73C5B" controlTypeID="Label" x="443" y="549" w="24" h="16" zOrder="13">
      <font family="%E5%BE%AE%E8%BD%AF%E9%9B%85%E9%BB%91" displayName="%E5%BE%AE%E8%BD%AF%E9%9B%85%E9%BB%91" postScript="" weightStyle="Regular" weight="400" isBold="False" isItalic="False"/>
      <text>%E6%95%8C%E6%96%B9</text>
      <textSize>12</textSize>
      <lineSpacing>0</lineSpacing>
      <selectedIndex>-1</selectedIndex>
    </control>
    <control controlID="1D7843E1-BC22-4489-BBCD-614604AB03F4" controlTypeID="Label" x="282" y="549" w="41" h="22" zOrder="14">
      <font family="%E5%BE%AE%E8%BD%AF%E9%9B%85%E9%BB%91" displayName="%E5%BE%AE%E8%BD%AF%E9%9B%85%E9%BB%91" postScript="" weightStyle="Regular" weight="400" isBold="False" isItalic="False"/>
      <text>00%3A00</text>
      <textSize>16</textSize>
      <lineSpacing>0</lineSpacing>
      <useDefaultTextSize>False</useDefaultTextSize>
      <selectedIndex>-1</selectedIndex>
    </control>
    <control controlID="AE80EA85-5720-4A92-B65D-A3EFCBE55B91" controlTypeID="Label" x="132" y="458" w="80" h="53" zOrder="15">
      <font family="%E5%BE%AE%E8%BD%AF%E9%9B%85%E9%BB%91" displayName="%E5%BE%AE%E8%BD%AF%E9%9B%85%E9%BB%91" postScript="" weightStyle="Regular" weight="400" isBold="False" isItalic="False"/>
      <text>%E5%A4%B1%E8%B4%A5</text>
      <textColor>4288256409</textColor>
      <textSize>40</textSize>
      <lineSpacing>0</lineSpacing>
      <useDefaultTextSize>False</useDefaultTextSize>
      <selectedIndex>-1</selectedIndex>
    </control>
    <control controlID="8EA22517-CA79-45B2-B347-51F3BA0F097E" controlTypeID="Label" x="390" y="459" w="77" h="53" zOrder="16">
      <font family="%E5%BE%AE%E8%BD%AF%E9%9B%85%E9%BB%91" displayName="%E5%BE%AE%E8%BD%AF%E9%9B%85%E9%BB%91" postScript="" weightStyle="Regular" weight="400" isBold="False" isItalic="False"/>
      <text>%E8%83%9C%E5%88%A9</text>
      <textColor>4288256409</textColor>
      <textSize>40</textSize>
      <lineSpacing>0</lineSpacing>
      <useDefaultTextSize>False</useDefaultTextSize>
      <selectedIndex>-1</selectedIndex>
    </control>
    <control controlID="CEECD59B-7795-4A56-B1BA-FAD43A07A56D" controlTypeID="Icon" x="443" y="734" w="24" h="24" zOrder="17">
      <interactiveData>
        <entry title="">
          <area shape="0" alt="" ID="{92103696-9ED7-41E0-8383-3DB7FDFAE8D3}" coords="(0,0,24,24)"/>
          <events title="">
            <event eventType="atClick" isChecked="True">
              <behaviour title="" isChecked="True" isWait="False" isLoop="False" execMode="emParallel">
                <target targetID="C5EB2FF7-7B2E-40EB-A214-20940DF58824" isChecked="True" isAutoRecovery="False" isLoop="False" execMode="emSequence">
                  <command name="Popup State Change" isChecked="True" descrition="">
                    <param name="AniInterpolation" value="0" varType="3" description=""/>
                    <param name="AniDuration" value="200" varType="3" description=""/>
                    <param name="AniAutoReverse" value="False" varType="11" description=""/>
                    <param name="AniLoop" value="False" varType="11" description=""/>
                    <param name="AniInterpolationTypeOut" value="False" varType="11" description=""/>
                    <param name="Delay" value="0" varType="3" description=""/>
                    <param name="Value" value="2" varType="3" description=""/>
                    <param name="AniType" value="0" varType="3" description=""/>
                  </command>
                </target>
              </behaviour>
            </event>
          </events>
        </entry>
      </interactiveData>
      <icon>
        <ID/>
        <iconFontName>jdIonicons</iconFontName>
        <iconCode>62318</iconCode>
      </icon>
      <URL>DB7FC814F441C17601BBA7EA29C0CC4C.svg</URL>
    </control>
    <control controlID="5CAA4658-6C11-4DE2-9C8E-339B8C4F4D87" controlTypeID="Circle" x="240" y="571" w="33" h="33" zOrder="18">
      <font family="%E5%BE%AE%E8%BD%AF%E9%9B%85%E9%BB%91" displayName="%E5%BE%AE%E8%BD%AF%E9%9B%85%E9%BB%91" postScript="" weightStyle="Regular" weight="400" isBold="False" isItalic="False"/>
      <text>%E7%94%A8%E6%88%B7%E5%A4%B4%E5%83%8F</text>
      <textSize>10</textSize>
      <useDefaultTextSize>False</useDefaultTextSize>
      <selectedIndex>-1</selectedIndex>
      <shapeBorderType>SbEllipse</shapeBorderType>
    </control>
    <control controlID="638726B0-681B-4F07-BB52-72DD33897A29" controlTypeID="Circle" x="404" y="571" w="33" h="33" zOrder="19">
      <font family="%E5%BE%AE%E8%BD%AF%E9%9B%85%E9%BB%91" displayName="%E5%BE%AE%E8%BD%AF%E9%9B%85%E9%BB%91" postScript="" weightStyle="Regular" weight="400" isBold="False" isItalic="False"/>
      <text>%E7%94%A8%E6%88%B7%E5%A4%B4%E5%83%8F</text>
      <textSize>10</textSize>
      <useDefaultTextSize>False</useDefaultTextSize>
      <selectedIndex>-1</selectedIndex>
      <shapeBorderType>SbEllipse</shapeBorderType>
    </control>
    <control controlID="12B76BFA-7C31-4D13-8261-717E9FBA7FAF" controlTypeID="Circle" x="201" y="572" w="33" h="33" zOrder="20">
      <font family="%E5%BE%AE%E8%BD%AF%E9%9B%85%E9%BB%91" displayName="%E5%BE%AE%E8%BD%AF%E9%9B%85%E9%BB%91" postScript="" weightStyle="Regular" weight="400" isBold="False" isItalic="False"/>
      <text>%E7%94%A8%E6%88%B7%E5%A4%B4%E5%83%8F</text>
      <textSize>10</textSize>
      <useDefaultTextSize>False</useDefaultTextSize>
      <selectedIndex>-1</selectedIndex>
      <shapeBorderType>SbEllipse</shapeBorderType>
    </control>
    <control controlID="A9694453-716E-4962-BE35-95CB8155A124" controlTypeID="Circle" x="365" y="572" w="33" h="33" zOrder="21">
      <font family="%E5%BE%AE%E8%BD%AF%E9%9B%85%E9%BB%91" displayName="%E5%BE%AE%E8%BD%AF%E9%9B%85%E9%BB%91" postScript="" weightStyle="Regular" weight="400" isBold="False" isItalic="False"/>
      <text>%E7%94%A8%E6%88%B7%E5%A4%B4%E5%83%8F</text>
      <textSize>10</textSize>
      <useDefaultTextSize>False</useDefaultTextSize>
      <selectedIndex>-1</selectedIndex>
      <shapeBorderType>SbEllipse</shapeBorderType>
    </control>
    <control controlID="1BB8D642-6B31-4DF7-BA00-8BD61655B559" controlTypeID="Circle" x="158" y="571" w="33" h="33" zOrder="22">
      <font family="%E5%BE%AE%E8%BD%AF%E9%9B%85%E9%BB%91" displayName="%E5%BE%AE%E8%BD%AF%E9%9B%85%E9%BB%91" postScript="" weightStyle="Regular" weight="400" isBold="False" isItalic="False"/>
      <text>%E7%94%A8%E6%88%B7%E5%A4%B4%E5%83%8F</text>
      <textSize>10</textSize>
      <useDefaultTextSize>False</useDefaultTextSize>
      <selectedIndex>-1</selectedIndex>
      <shapeBorderType>SbEllipse</shapeBorderType>
    </control>
    <control controlID="182A254D-D837-492A-AD88-EC01B60F0354" controlTypeID="Circle" x="322" y="571" w="33" h="33" zOrder="23">
      <font family="%E5%BE%AE%E8%BD%AF%E9%9B%85%E9%BB%91" displayName="%E5%BE%AE%E8%BD%AF%E9%9B%85%E9%BB%91" postScript="" weightStyle="Regular" weight="400" isBold="False" isItalic="False"/>
      <text>%E7%94%A8%E6%88%B7%E5%A4%B4%E5%83%8F</text>
      <textSize>10</textSize>
      <useDefaultTextSize>False</useDefaultTextSize>
      <selectedIndex>-1</selectedIndex>
      <shapeBorderType>SbEllipse</shapeBorderType>
    </control>
    <control controlID="51E5ADB2-A3CD-425D-A98E-2ABDCEDD4F64" controlTypeID="Label" x="173" y="604" w="6" h="16" zOrder="24">
      <font family="%E5%BE%AE%E8%BD%AF%E9%9B%85%E9%BB%91" displayName="%E5%BE%AE%E8%BD%AF%E9%9B%85%E9%BB%91" postScript="" weightStyle="Regular" weight="400" isBold="False" isItalic="False"/>
      <text>3</text>
      <textSize>12</textSize>
      <lineSpacing>0</lineSpacing>
      <selectedIndex>-1</selectedIndex>
    </control>
    <control controlID="40754554-17C5-4F2F-8902-D886B8BBC984" controlTypeID="Label" x="338" y="605" w="4" h="16" zOrder="25">
      <font family="%E5%BE%AE%E8%BD%AF%E9%9B%85%E9%BB%91" displayName="%E5%BE%AE%E8%BD%AF%E9%9B%85%E9%BB%91" postScript="" weightStyle="Regular" weight="400" isBold="False" isItalic="False"/>
      <text>1</text>
      <textSize>12</textSize>
      <lineSpacing>0</lineSpacing>
      <selectedIndex>-1</selectedIndex>
    </control>
    <control controlID="0560F866-2814-48BC-ADB9-53488687B97B" controlTypeID="Label" x="215" y="604" w="6" h="16" zOrder="26">
      <font family="%E5%BE%AE%E8%BD%AF%E9%9B%85%E9%BB%91" displayName="%E5%BE%AE%E8%BD%AF%E9%9B%85%E9%BB%91" postScript="" weightStyle="Regular" weight="400" isBold="False" isItalic="False"/>
      <text>2</text>
      <textSize>12</textSize>
      <lineSpacing>0</lineSpacing>
      <selectedIndex>-1</selectedIndex>
    </control>
    <control controlID="5F70619E-D045-4B6E-86F5-7C0B571EF2AB" controlTypeID="Label" x="380" y="605" w="6" h="16" zOrder="27">
      <font family="%E5%BE%AE%E8%BD%AF%E9%9B%85%E9%BB%91" displayName="%E5%BE%AE%E8%BD%AF%E9%9B%85%E9%BB%91" postScript="" weightStyle="Regular" weight="400" isBold="False" isItalic="False"/>
      <text>2</text>
      <textSize>12</textSize>
      <lineSpacing>0</lineSpacing>
      <selectedIndex>-1</selectedIndex>
    </control>
    <control controlID="38B2B8D6-B1E1-4210-A75C-009C01882E5B" controlTypeID="Label" x="255" y="604" w="4" h="16" zOrder="28">
      <font family="%E5%BE%AE%E8%BD%AF%E9%9B%85%E9%BB%91" displayName="%E5%BE%AE%E8%BD%AF%E9%9B%85%E9%BB%91" postScript="" weightStyle="Regular" weight="400" isBold="False" isItalic="False"/>
      <text>1</text>
      <textSize>12</textSize>
      <lineSpacing>0</lineSpacing>
      <selectedIndex>-1</selectedIndex>
    </control>
    <control controlID="5B1AC078-87A0-4152-A8F8-1B6EA55AFEF1" controlTypeID="Label" x="420" y="605" w="6" h="16" zOrder="29">
      <font family="%E5%BE%AE%E8%BD%AF%E9%9B%85%E9%BB%91" displayName="%E5%BE%AE%E8%BD%AF%E9%9B%85%E9%BB%91" postScript="" weightStyle="Regular" weight="400" isBold="False" isItalic="False"/>
      <text>3</text>
      <textSize>12</textSize>
      <lineSpacing>0</lineSpacing>
      <selectedIndex>-1</selectedIndex>
    </control>
    <control controlID="8B59BA16-91D1-4961-99DF-902AF6EEDC88" controlTypeID="StickyNote" x="595" y="321" w="274" h="370" zOrder="30">
      <font family="%E5%BE%AE%E8%BD%AF%E9%9B%85%E9%BB%91" displayName="%E5%BE%AE%E8%BD%AF%E9%9B%85%E9%BB%91" postScript="" weightStyle="Regular" weight="400" isBold="False" isItalic="False"/>
      <text>1.%E5%87%BA%E7%8E%B0%E7%BB%93%E6%9D%9F%E6%97%B6%E7%A7%AF%E5%88%86%E4%B8%80%E6%A0%B7%E7%9A%84%E6%83%85%E5%86%B5%EF%BC%8C%E8%B0%81%E5%85%88%E8%BE%BE%E5%88%B0%E7%A7%AF%E5%88%86%EF%BC%8C%E5%88%A4%E5%AE%9A%E8%83%9C%E5%88%A9%0D%0A%0D%0A2.%E5%8F%8C%E6%96%B9%E4%B8%BA0%E7%9A%84%E6%97%B6%E5%80%99%EF%BC%8C%E6%8E%A5%E6%94%B6%E6%96%B9%E5%88%A4%E5%AE%9A%E4%B8%BA%E8%83%9C%E5%88%A9</text>
      <selectedIndex>-1</selectedIndex>
    </control>
    <control controlID="C5EB2FF7-7B2E-40EB-A214-20940DF58824" controlTypeID="PopupPanel" x="888" y="463" w="46" h="46" zOrder="31">
      <groupChildrenDescriptors>
        <control controlID="C60E1D5F-EFC8-40DF-ABF3-62F7247D076E" controlTypeID="Panel" x="0" y="0" w="6000" h="6000" zOrder="0">
          <locked>True</locked>
          <color>1879048192</color>
          <borderVisible>False</borderVisible>
          <canMove>False</canMove>
          <alias>background</alias>
          <groupChildrenDescriptors>
            <control controlID="68DC96EC-89CA-451E-AEF3-EE8904908312" controlTypeID="Border" x="0" y="0" w="6000" h="6000" zOrder="0">
              <borderVisible>False</borderVisible>
              <alias>borderLayer</alias>
            </control>
          </groupChildrenDescriptors>
          <thinkness>1</thinkness>
        </control>
        <control controlID="187210B1-F118-4DF4-AAB6-6B6857752B5C" controlTypeID="PopupPanelContent" x="539" y="417" w="277" h="159" zOrder="1">
          <color>16777215</color>
          <alias>content</alias>
          <groupChildrenDescriptors>
            <control controlID="568F4188-719A-4A4A-8DE8-10E956511792" controlTypeID="Alert" x="0" y="0" w="277" h="159" zOrder="0">
              <font family="%E5%BE%AE%E8%BD%AF%E9%9B%85%E9%BB%91" displayName="%E5%BE%AE%E8%BD%AF%E9%9B%85%E9%BB%91" postScript="" weightStyle="Regular" weight="400" isBold="False" isItalic="False"/>
              <text>%E6%8F%90%E7%A4%BA%0D%0A%E7%A1%AE%E5%AE%9A%E8%A6%81%E9%80%80%E5%87%BA%E5%BD%93%E5%89%8DPK%E8%B5%9B%E5%90%97%3F%0D%0A%E5%90%A6%2C%E6%98%AF</text>
              <lineSpacing>0</lineSpacing>
            </control>
          </groupChildrenDescriptors>
        </control>
      </groupChildrenDescriptors>
    </control>
  </controls>
  <param>
    <backgroundColor>4294967295</backgroundColor>
    <fontSize>0</fontSize>
    <fontFamily/>
    <guideLines/>
    <remark>1.%E5%87%BA%E7%8E%B0%E7%BB%93%E6%9D%9F%E6%97%B6%E7%A7%AF%E5%88%86%E4%B8%80%E6%A0%B7%E7%9A%84%E6%83%85%E5%86%B5%EF%BC%8C%E8%B0%81%E5%85%88%E8%BE%BE%E5%88%B0%E7%A7%AF%E5%88%86%EF%BC%8C%E5%88%A4%E5%AE%9A%E8%83%9C%E5%88%A9</remark>
  </param>
</mockup>