﻿<mockup version="5.3" minAllowVersion="5.3" ID="D83B0732-FB15-4107-995E-BF736230E5FC" platform="MtBlank" defaultW="6000" defaultH="6000" measureW="6000" measureH="6000" mobileScreenScale="0">
  <controls controlCount="5">
    <control controlID="2E86DC46-2B6B-451C-BAAF-17120472ABEB" controlTypeID="StickyNote" x="608" y="387" w="400" h="263" zOrder="0">
      <font family="%E5%BE%AE%E8%BD%AF%E9%9B%85%E9%BB%91" displayName="%E5%BE%AE%E8%BD%AF%E9%9B%85%E9%BB%91" postScript="" weightStyle="Regular" weight="400" isBold="False" isItalic="False"/>
      <text>%E4%B8%BB%E6%92%AD%E6%98%9F%E7%BA%A7%E9%A1%B5%E9%9D%A2%E6%98%BE%E7%A4%BA%E4%B8%BB%E6%92%AD%E6%89%80%E5%9C%A8%E5%AE%B6%E6%97%8F%E7%AD%89%E7%BA%A7%EF%BC%88%E6%A0%B7%E5%BC%8FUI%E6%9D%A5%E5%AE%9A%EF%BC%89%0D%0A%0D%0A%E6%9C%89%E6%95%88%E5%A4%A9%E5%AE%9A%E4%B9%89%E9%9C%80%E5%91%88%E7%8E%B0%E5%9C%A8%E5%AE%A2%E6%88%B7%E7%AB%AF%E2%80%9C%E6%98%9F%E7%BA%A7%E4%B8%BB%E6%92%AD%E2%80%9D%E9%A1%B5%E9%9D%A2%EF%BC%88%E8%BF%99%E4%B8%AA%E6%97%B6%E9%97%B4%E8%B5%B0%E5%90%8E%E5%8F%B0%E8%AF%BB%E5%8F%96%E9%85%8D%E7%BD%AE%EF%BC%8C%E5%8E%9F%E6%9D%A5%E5%B0%B1%E6%9C%89%E7%9A%84%EF%BC%89</text>
      <selectedIndex>-1</selectedIndex>
    </control>
    <control controlID="9A49EB1D-EDFB-4828-8849-41CF878672EC" controlTypeID="IPhone2" x="185" y="82" w="400" h="800" zOrder="1"/>
    <control controlID="2880638A-85EF-496B-BBAC-E328674DBE43" controlTypeID="Image" x="206" y="167" w="358" h="631" zOrder="2">
      <URL>949ED16EC34B7E264D83EF0073F73D00.png</URL>
    </control>
    <control controlID="B264616C-6BBD-4F54-90F6-5179F4BB3965" controlTypeID="Label" x="239" y="696" w="102" h="16" zOrder="3">
      <font family="%E5%BE%AE%E8%BD%AF%E9%9B%85%E9%BB%91" displayName="%E5%BE%AE%E8%BD%AF%E9%9B%85%E9%BB%91" postScript="" weightStyle="Regular" weight="400" isBold="False" isItalic="False"/>
      <text>%E5%BD%93%E5%89%8D%E5%AE%B6%E6%97%8F%E7%AD%89%E7%BA%A7%EF%BC%9Axxx</text>
      <textSize>12</textSize>
      <lineSpacing>0</lineSpacing>
      <selectedIndex>-1</selectedIndex>
    </control>
    <control controlID="2F46445B-2287-4E87-81A9-A8EE9652A38E" controlTypeID="TextArea" x="223" y="722" w="322" h="66" zOrder="4">
      <font family="%E5%BE%AE%E8%BD%AF%E9%9B%85%E9%BB%91" displayName="%E5%BE%AE%E8%BD%AF%E9%9B%85%E9%BB%91" postScript="" weightStyle="Regular" weight="400" isBold="False" isItalic="False"/>
      <text>%E6%9C%89%E6%95%88%E5%BC%80%E6%92%AD%E6%97%A5%EF%BC%9A%E4%B8%BB%E6%92%AD%E5%8D%95%E6%97%A5%E5%BC%80%E6%92%AD%E6%97%B6%E9%95%BF%E7%B4%AF%E8%AE%A1%E8%B6%85%E8%BF%87150%E5%88%86%E9%92%9F%EF%BC%8C%E8%AE%B0%E4%B8%BA%E4%B8%80%E4%B8%AA%E6%9C%89%E6%95%88%E5%BC%80%E6%92%AD%E6%97%A5</text>
      <textSize>12</textSize>
      <selectedIndex>-1</selectedIndex>
    </control>
  </controls>
  <param>
    <backgroundColor>4294967295</backgroundColor>
    <fontSize>0</fontSize>
    <fontFamily/>
    <guideLines/>
  </param>
</mockup>