﻿<mockup version="5.3" minAllowVersion="5.3" ID="F36F7EF1-EEAD-4C9E-B74D-3D93B1A2E8AD" platform="MtBlank" defaultW="6000" defaultH="6000" measureW="6000" measureH="6000" mobileScreenScale="0">
  <controls controlCount="23">
    <control controlID="CB765814-84A1-452D-B621-F1CFE209EF26" controlTypeID="IPhone2" x="177" y="56" w="400" h="800" zOrder="0"/>
    <control controlID="A68CF9B2-8617-4388-AD5F-26C11D3F64C4" controlTypeID="Search" x="255" y="198" w="244" h="24" zOrder="1">
      <font family="%E5%BE%AE%E8%BD%AF%E9%9B%85%E9%BB%91" displayName="%E5%BE%AE%E8%BD%AF%E9%9B%85%E9%BB%91" postScript="" weightStyle="Regular" weight="400" isBold="False" isItalic="False"/>
      <textVAlign>VaTop</textVAlign>
      <lineSpacing>0</lineSpacing>
      <selectedIndex>-1</selectedIndex>
    </control>
    <control controlID="23716927-7635-4C0E-80B8-CB4E2A7326EE" controlTypeID="Line" x="197" y="238" w="359" h="1" zOrder="2">
      <font family="%E5%BE%AE%E8%BD%AF%E9%9B%85%E9%BB%91" displayName="%E5%BE%AE%E8%BD%AF%E9%9B%85%E9%BB%91" postScript="" weightStyle="Regular" weight="400" isBold="False" isItalic="False"/>
      <lineSpacing>0</lineSpacing>
      <selectedIndex>-1</selectedIndex>
      <controlPoint>(180,0)</controlPoint>
      <startPoint>(0,0)</startPoint>
      <endPoint>(359,0)</endPoint>
    </control>
    <control controlID="950BEC47-A3DA-453C-B46C-305B0CECE37E" controlTypeID="ButtonBar" x="207" y="249" w="340" h="28" zOrder="3">
      <font family="%E5%BE%AE%E8%BD%AF%E9%9B%85%E9%BB%91" displayName="%E5%BE%AE%E8%BD%AF%E9%9B%85%E9%BB%91" postScript="" weightStyle="Regular" weight="400" isBold="False" isItalic="False"/>
      <text>%E5%BD%93%E5%89%8D%E5%9C%A8%E7%BA%BF%E4%B8%BB%E6%92%AD%2C%E5%B7%B2%E5%85%B3%E6%B3%A8%E4%B8%BB%E6%92%AD</text>
      <lineSpacing>0</lineSpacing>
    </control>
    <control controlID="A1390F05-8691-4D1B-8A85-81C94CAD1C9F" controlTypeID="Shape" x="211" y="293" w="332" h="85" zOrder="4">
      <font family="%E5%BE%AE%E8%BD%AF%E9%9B%85%E9%BB%91" displayName="%E5%BE%AE%E8%BD%AF%E9%9B%85%E9%BB%91" postScript="" weightStyle="Regular" weight="400" isBold="False" isItalic="False"/>
      <selectedIndex>-1</selectedIndex>
    </control>
    <control controlID="FD4D04DB-B2DC-47B1-810B-88543845BA95" controlTypeID="Shape" x="211" y="390" w="332" h="85" zOrder="5">
      <font family="%E5%BE%AE%E8%BD%AF%E9%9B%85%E9%BB%91" displayName="%E5%BE%AE%E8%BD%AF%E9%9B%85%E9%BB%91" postScript="" weightStyle="Regular" weight="400" isBold="False" isItalic="False"/>
      <selectedIndex>-1</selectedIndex>
    </control>
    <control controlID="27818116-99D9-40B3-98C7-7B71096070C9" controlTypeID="Shape" x="211" y="490" w="332" h="85" zOrder="6">
      <font family="%E5%BE%AE%E8%BD%AF%E9%9B%85%E9%BB%91" displayName="%E5%BE%AE%E8%BD%AF%E9%9B%85%E9%BB%91" postScript="" weightStyle="Regular" weight="400" isBold="False" isItalic="False"/>
      <selectedIndex>-1</selectedIndex>
    </control>
    <control controlID="B045D505-AE62-4DFF-8276-C57782AC6785" controlTypeID="Circle" x="216" y="306" w="63" h="63" zOrder="7">
      <font family="%E5%BE%AE%E8%BD%AF%E9%9B%85%E9%BB%91" displayName="%E5%BE%AE%E8%BD%AF%E9%9B%85%E9%BB%91" postScript="" weightStyle="Regular" weight="400" isBold="False" isItalic="False"/>
      <selectedIndex>-1</selectedIndex>
      <shapeBorderType>SbEllipse</shapeBorderType>
    </control>
    <control controlID="025E0CA3-146A-48B3-B2D1-3F210A1459E3" controlTypeID="Circle" x="216" y="403" w="63" h="63" zOrder="8">
      <font family="%E5%BE%AE%E8%BD%AF%E9%9B%85%E9%BB%91" displayName="%E5%BE%AE%E8%BD%AF%E9%9B%85%E9%BB%91" postScript="" weightStyle="Regular" weight="400" isBold="False" isItalic="False"/>
      <selectedIndex>-1</selectedIndex>
      <shapeBorderType>SbEllipse</shapeBorderType>
    </control>
    <control controlID="78C7A3C6-BDB5-4EA2-B872-56B718E0727F" controlTypeID="Circle" x="216" y="503" w="63" h="63" zOrder="9">
      <font family="%E5%BE%AE%E8%BD%AF%E9%9B%85%E9%BB%91" displayName="%E5%BE%AE%E8%BD%AF%E9%9B%85%E9%BB%91" postScript="" weightStyle="Regular" weight="400" isBold="False" isItalic="False"/>
      <selectedIndex>-1</selectedIndex>
      <shapeBorderType>SbEllipse</shapeBorderType>
    </control>
    <control controlID="BEE2E153-96BF-4036-89CA-AC899D4596A5" controlTypeID="Label" x="289" y="343" w="64" h="16" zOrder="10">
      <font family="%E5%BE%AE%E8%BD%AF%E9%9B%85%E9%BB%91" displayName="%E5%BE%AE%E8%BD%AF%E9%9B%85%E9%BB%91" postScript="" weightStyle="Regular" weight="400" isBold="False" isItalic="False"/>
      <text>ID%3A1005315</text>
      <textSize>12</textSize>
      <lineSpacing>0</lineSpacing>
      <selectedIndex>-1</selectedIndex>
    </control>
    <control controlID="21100484-D8D6-40C2-8714-39F4F68445DE" controlTypeID="Label" x="289" y="440" w="64" h="16" zOrder="11">
      <font family="%E5%BE%AE%E8%BD%AF%E9%9B%85%E9%BB%91" displayName="%E5%BE%AE%E8%BD%AF%E9%9B%85%E9%BB%91" postScript="" weightStyle="Regular" weight="400" isBold="False" isItalic="False"/>
      <text>ID%3A1005315</text>
      <textSize>12</textSize>
      <lineSpacing>0</lineSpacing>
      <selectedIndex>-1</selectedIndex>
    </control>
    <control controlID="2F6C53C4-24C2-4BDF-A688-69FAEDA76C74" controlTypeID="Label" x="289" y="540" w="64" h="16" zOrder="12">
      <font family="%E5%BE%AE%E8%BD%AF%E9%9B%85%E9%BB%91" displayName="%E5%BE%AE%E8%BD%AF%E9%9B%85%E9%BB%91" postScript="" weightStyle="Regular" weight="400" isBold="False" isItalic="False"/>
      <text>ID%3A1005315</text>
      <textSize>12</textSize>
      <lineSpacing>0</lineSpacing>
      <selectedIndex>-1</selectedIndex>
    </control>
    <control controlID="B3BE36CD-6DB1-41C1-8369-846CB2057503" controlTypeID="Label" x="288" y="309" w="72" h="16" zOrder="13">
      <font family="%E5%BE%AE%E8%BD%AF%E9%9B%85%E9%BB%91" displayName="%E5%BE%AE%E8%BD%AF%E9%9B%85%E9%BB%91" postScript="" weightStyle="Regular" weight="400" isBold="False" isItalic="False"/>
      <text>%E6%98%B5%E7%A7%B0%EF%BC%9A%E5%B0%8F%E8%8A%B1%E7%94%9F</text>
      <textSize>12</textSize>
      <lineSpacing>0</lineSpacing>
      <selectedIndex>-1</selectedIndex>
    </control>
    <control controlID="748758FA-E977-4F46-B0F7-916CC7F149BE" controlTypeID="Label" x="288" y="406" w="72" h="16" zOrder="14">
      <font family="%E5%BE%AE%E8%BD%AF%E9%9B%85%E9%BB%91" displayName="%E5%BE%AE%E8%BD%AF%E9%9B%85%E9%BB%91" postScript="" weightStyle="Regular" weight="400" isBold="False" isItalic="False"/>
      <text>%E6%98%B5%E7%A7%B0%EF%BC%9A%E5%B0%8F%E8%8A%B1%E7%94%9F</text>
      <textSize>12</textSize>
      <lineSpacing>0</lineSpacing>
      <selectedIndex>-1</selectedIndex>
    </control>
    <control controlID="720EE48B-0838-4068-9113-9E03B8D001F3" controlTypeID="Label" x="288" y="506" w="72" h="16" zOrder="15">
      <font family="%E5%BE%AE%E8%BD%AF%E9%9B%85%E9%BB%91" displayName="%E5%BE%AE%E8%BD%AF%E9%9B%85%E9%BB%91" postScript="" weightStyle="Regular" weight="400" isBold="False" isItalic="False"/>
      <text>%E6%98%B5%E7%A7%B0%EF%BC%9A%E5%B0%8F%E8%8A%B1%E7%94%9F</text>
      <textSize>12</textSize>
      <lineSpacing>0</lineSpacing>
      <selectedIndex>-1</selectedIndex>
    </control>
    <control controlID="0C710D68-4723-45C9-A3A7-7EDCE98FA3BB" controlTypeID="Label" x="370" y="309" w="39" h="16" zOrder="16">
      <font family="%E5%BE%AE%E8%BD%AF%E9%9B%85%E9%BB%91" displayName="%E5%BE%AE%E8%BD%AF%E9%9B%85%E9%BB%91" postScript="" weightStyle="Regular" weight="400" isBold="False" isItalic="False"/>
      <text>LV%EF%BC%9A45</text>
      <textSize>12</textSize>
      <lineSpacing>0</lineSpacing>
      <selectedIndex>-1</selectedIndex>
    </control>
    <control controlID="6079E35D-5C63-4AF3-B747-78330BFB766E" controlTypeID="Label" x="370" y="406" w="39" h="16" zOrder="17">
      <font family="%E5%BE%AE%E8%BD%AF%E9%9B%85%E9%BB%91" displayName="%E5%BE%AE%E8%BD%AF%E9%9B%85%E9%BB%91" postScript="" weightStyle="Regular" weight="400" isBold="False" isItalic="False"/>
      <text>LV%EF%BC%9A45</text>
      <textSize>12</textSize>
      <lineSpacing>0</lineSpacing>
      <selectedIndex>-1</selectedIndex>
    </control>
    <control controlID="3A41A123-DFA8-4E71-A3D3-9479D5A6DD3A" controlTypeID="Label" x="370" y="506" w="39" h="16" zOrder="18">
      <font family="%E5%BE%AE%E8%BD%AF%E9%9B%85%E9%BB%91" displayName="%E5%BE%AE%E8%BD%AF%E9%9B%85%E9%BB%91" postScript="" weightStyle="Regular" weight="400" isBold="False" isItalic="False"/>
      <text>LV%EF%BC%9A45</text>
      <textSize>12</textSize>
      <lineSpacing>0</lineSpacing>
      <selectedIndex>-1</selectedIndex>
    </control>
    <control controlID="6C8E6CE7-2864-4D93-8D87-2ECC03A07E09" controlTypeID="Button" x="463" y="324" w="70" h="28" zOrder="19">
      <links eventType="AtClick" animate="AmNone" animateAutoDelay="0" animateDuration="500">
        <link targetPageID="A022EBB0-88A5-4F27-9A5C-C4F52F50B357" linkType="ltPageLink" isApplyIncludePage="False" title="%E5%8F%91%E8%B5%B7PK--%E7%AD%89%E5%BE%85%E9%A1%B5%E9%9D%A2%EF%BC%88%E5%8F%91%E8%B5%B7%E6%96%B9%EF%BC%89">
          <area shape="0" alt="" ID="{302F722E-D0A2-498A-87C1-D5085DE794D3}" coords="(0,0,70,28)"/>
        </link>
      </links>
      <font family="%E5%BE%AE%E8%BD%AF%E9%9B%85%E9%BB%91" displayName="%E5%BE%AE%E8%BD%AF%E9%9B%85%E9%BB%91" postScript="" weightStyle="Regular" weight="400" isBold="False" isItalic="False"/>
      <text>%E5%8F%91%E8%B5%B7pk</text>
      <textSize>12</textSize>
      <lineSpacing>0</lineSpacing>
      <selectedIndex>-1</selectedIndex>
      <radius>4</radius>
    </control>
    <control controlID="6C3293D4-31AD-48DF-AB49-DD11AA828054" controlTypeID="Button" x="463" y="421" w="70" h="28" zOrder="20">
      <font family="%E5%BE%AE%E8%BD%AF%E9%9B%85%E9%BB%91" displayName="%E5%BE%AE%E8%BD%AF%E9%9B%85%E9%BB%91" postScript="" weightStyle="Regular" weight="400" isBold="False" isItalic="False"/>
      <text>%E5%8F%91%E8%B5%B7pk</text>
      <textSize>12</textSize>
      <lineSpacing>0</lineSpacing>
      <selectedIndex>-1</selectedIndex>
      <radius>4</radius>
    </control>
    <control controlID="703ED52D-A79D-480D-949D-A7014C116C7D" controlTypeID="Button" x="463" y="521" w="70" h="28" zOrder="21">
      <font family="%E5%BE%AE%E8%BD%AF%E9%9B%85%E9%BB%91" displayName="%E5%BE%AE%E8%BD%AF%E9%9B%85%E9%BB%91" postScript="" weightStyle="Regular" weight="400" isBold="False" isItalic="False"/>
      <text>%E5%8F%91%E8%B5%B7pk</text>
      <textSize>12</textSize>
      <lineSpacing>0</lineSpacing>
      <selectedIndex>-1</selectedIndex>
      <radius>4</radius>
    </control>
    <control controlID="3A92712F-4FDC-4431-99E1-0E01722CA7C0" controlTypeID="StickyNote" x="629" y="242" w="324" h="354" zOrder="22">
      <font family="%E5%BE%AE%E8%BD%AF%E9%9B%85%E9%BB%91" displayName="%E5%BE%AE%E8%BD%AF%E9%9B%85%E9%BB%91" postScript="" weightStyle="Regular" weight="400" isBold="False" isItalic="False"/>
      <text>1.%E9%80%89%E6%8B%A9pk%E5%AF%B9%E8%B1%A1%EF%BC%8C%E6%9C%89%E4%B8%A4%E5%BC%A0%E5%88%97%E8%A1%A8%0D%0A+++%E5%BD%93%E5%89%8D%E5%9C%A8%E7%BA%BF%E4%B8%BB%E6%92%AD%EF%BC%9A%E5%BD%93%E5%89%8D%E6%AD%A3%E5%9C%A8%E7%9B%B4%E6%92%AD%E7%9A%84%E4%B8%BB%E6%92%AD%EF%BC%8C%E6%8E%92%E9%99%A4%E6%AD%A3%E5%9C%A8pk%E7%9A%84%E4%B8%BB%E6%92%AD%EF%BC%8C%E7%A7%81%E5%AF%86%E7%9B%B4%E6%92%AD%E9%97%B4%E7%9A%84%E4%B8%BB%E6%92%AD%0D%0A+++%E5%B7%B2%E5%85%B3%E6%B3%A8%E4%B8%BB%E6%92%AD%EF%BC%9A%E5%85%B3%E6%B3%A8%E7%9A%84%E4%B8%BB%E6%92%AD%E5%88%97%E8%A1%A8%EF%BC%8C%E5%8F%AA%E6%98%BE%E7%A4%BA%E5%BD%93%E5%89%8D%E5%9C%A8%E7%BA%BF%E7%9A%84%E4%B8%BB%E6%92%AD%EF%BC%8C%E6%8E%92%E9%99%A4%E6%AD%A3%E5%9C%A8pk%E7%9A%84%E4%B8%BB%E6%92%AD%EF%BC%8C%E7%A7%81%E5%AF%86%E7%9B%B4%E6%92%AD%E9%97%B4%E7%9A%84%E4%B8%BB%E6%92%AD%0D%0A%0D%0A2.%E9%A1%BA%E5%BA%8F%E6%8C%89%E7%85%A7%E7%83%AD%E9%97%A8%E9%A1%BA%E5%BA%8F%E6%8E%92%E5%88%97%E5%8D%B3%E5%8F%AF</text>
      <selectedIndex>-1</selectedIndex>
    </control>
  </controls>
  <param>
    <backgroundColor>4294967295</backgroundColor>
    <fontSize>0</fontSize>
    <fontFamily/>
    <guideLines/>
    <remark>1.%E9%80%89%E6%8B%A9pk%E5%AF%B9%E8%B1%A1%EF%BC%8C%E6%9C%89%E4%B8%A4%E5%BC%A0%E5%88%97%E8%A1%A8%0D%0A+++%E5%BD%93%E5%89%8D%E5%9C%A8%E7%BA%BF%E4%B8%BB%E6%92%AD%EF%BC%9A%E5%BD%93%E5%89%8D%E6%AD%A3%E5%9C%A8%E7%9B%B4%E6%92%AD%E7%9A%84%E4%B8%BB%E6%92%AD%EF%BC%8C%E6%8E%92%E9%99%A4%E6%AD%A3%E5%9C%A8pk%E7%9A%84%E4%B8%BB%E6%92%AD%EF%BC%8C%E7%A7%81%E5%AF%86%E7%9B%B4%E6%92%AD%E9%97%B4%E7%9A%84%E4%B8%BB%E6%92%AD%0D%0A+++%E5%B7%B2%E5%85%B3%E6%B3%A8%E4%B8%BB%E6%92%AD%EF%BC%9A%E5%85%B3%E6%B3%A8%E7%9A%84%E4%B8%BB%E6%92%AD%E5%88%97%E8%A1%A8%EF%BC%8C%E5%8F%AA%E6%98%BE%E7%A4%BA%E5%BD%93%E5%89%8D%E5%9C%A8%E7%BA%BF%E7%9A%84%E4%B8%BB%E6%92%AD%EF%BC%8C%E6%8E%92%E9%99%A4%E6%AD%A3%E5%9C%A8pk%E7%9A%84%E4%B8%BB%E6%92%AD%EF%BC%8C%E7%A7%81%E5%AF%86%E7%9B%B4%E6%92%AD%E9%97%B4%E7%9A%84%E4%B8%BB%E6%92%AD%0D%0A%0D%0A2.%E9%A1%BA%E5%BA%8F%E6%8C%89%E7%85%A7%E7%83%AD%E9%97%A8%E9%A1%BA%E5%BA%8F%E6%8E%92%E5%88%97%E5%8D%B3%E5%8F%AF</remark>
  </param>
</mockup>