﻿<mockup version="5.3" minAllowVersion="5.3" ID="F8AAF826-229B-4A5B-B9EC-EF0D445C583E" platform="MtBlank" defaultW="6000" defaultH="6000" measureW="6000" measureH="6000" mobileScreenScale="0">
  <controls controlCount="4">
    <control controlID="4A109A28-450E-43F4-A7F5-7683E2D2EBA4" controlTypeID="Image" x="234" y="176" w="369" h="738" zOrder="0">
      <URL>8DA76EB14DB069818E7771B532C3D80C.png</URL>
    </control>
    <control controlID="8A82888F-E4E1-48CD-A344-C0453D0515CE" controlTypeID="Button" x="262" y="746" w="40" h="39" zOrder="1">
      <font family="%E5%BE%AE%E8%BD%AF%E9%9B%85%E9%BB%91" displayName="%E5%BE%AE%E8%BD%AF%E9%9B%85%E9%BB%91" postScript="" weightStyle="Regular" weight="400" isBold="False" isItalic="False"/>
      <text>PK</text>
      <textSize>12</textSize>
      <lineSpacing>0</lineSpacing>
      <selectedIndex>-1</selectedIndex>
      <radius>4</radius>
    </control>
    <control controlID="E20A53A9-84D3-45F6-908C-2651AF155F45" controlTypeID="Label" x="262" y="795" w="39" h="16" zOrder="2">
      <font family="%E5%BE%AE%E8%BD%AF%E9%9B%85%E9%BB%91" displayName="%E5%BE%AE%E8%BD%AF%E9%9B%85%E9%BB%91" postScript="" weightStyle="Regular" weight="400" isBold="False" isItalic="False"/>
      <text>%E5%85%B3%E9%97%ADPK</text>
      <textColor>4294967295</textColor>
      <textSize>12</textSize>
      <lineSpacing>0</lineSpacing>
      <selectedIndex>-1</selectedIndex>
    </control>
    <control controlID="557B5D41-65C8-4D9F-8298-0175DAB9958A" controlTypeID="StickyNote" x="664" y="425" w="278" h="294" zOrder="3">
      <font family="%E5%BE%AE%E8%BD%AF%E9%9B%85%E9%BB%91" displayName="%E5%BE%AE%E8%BD%AF%E9%9B%85%E9%BB%91" postScript="" weightStyle="Regular" weight="400" isBold="False" isItalic="False"/>
      <text>%E4%B8%BB%E6%92%AD%E8%AE%BE%E7%BD%AE%E9%87%8C%E9%9D%A2%EF%BC%8C%E6%B7%BB%E5%8A%A0%E4%B8%80%E4%B8%AAPK%E5%9B%BE%E6%A0%87%EF%BC%8C%E7%82%B9%E5%87%BB%E5%88%87%E6%8D%A2%E6%98%AF%E5%90%A6%E6%8E%A5%E5%8F%97%E8%BF%9E%E9%BA%A6%E3%80%82%0D%0A%0D%0A%E8%AE%BE%E7%BD%AE%E4%B8%BA%E5%85%B3%E9%97%ADPK%E6%98%AF%EF%BC%8C%E5%85%B6%E4%BB%96%E4%B8%BB%E6%92%AD%E6%97%A0%E6%B3%95%E5%8F%91%E8%B5%B7PK%E3%80%82%E6%8F%90%E7%A4%BA%EF%BC%9A%E5%BD%93%E5%89%8D%E4%B8%BB%E6%92%AD%E4%B8%8D%E6%8E%A5%E5%8F%97PK%E3%80%82%0D%0A%0D%0A%E8%BF%99%E4%B8%AAPK%E7%8A%B6%E6%80%81%E9%BB%98%E8%AE%A4%E6%89%93%E5%BC%80%EF%BC%8C%E4%B8%94%E5%85%B3%E9%97%AD%E5%90%8E%EF%BC%8C%E6%AF%8F%E6%97%A50%E7%82%B9%E9%87%8D%E7%BD%AE%E4%B8%BA%E5%BC%80%E5%90%AF%E7%8A%B6%E6%80%81%E3%80%82</text>
      <selectedIndex>-1</selectedIndex>
    </control>
  </controls>
  <param>
    <backgroundColor>4294967295</backgroundColor>
    <fontSize>0</fontSize>
    <fontFamily/>
    <guideLines/>
  </param>
</mockup>