﻿<mockup version="5.3" minAllowVersion="5.3" ID="FA6D4E03-B398-49D0-AD63-9E7A36C32C24" platform="MtBlank" defaultW="6000" defaultH="6000" measureW="6000" measureH="6000" mobileScreenScale="0">
  <controls controlCount="2">
    <control controlID="40D6FC9D-542C-4297-AF3A-C3405E2A1260" controlTypeID="BrowserWindow" x="140" y="59" w="1097" h="830" zOrder="0">
      <font family="%E5%BE%AE%E8%BD%AF%E9%9B%85%E9%BB%91" displayName="%E5%BE%AE%E8%BD%AF%E9%9B%85%E9%BB%91" postScript="" weightStyle="Regular" weight="400" isBold="False" isItalic="False"/>
      <text>Mockplus%0D%0Ahttps%3A%2F%2Fwww.mockplus.cn</text>
      <textVAlign>VaTop</textVAlign>
      <lineSpacing>0</lineSpacing>
      <selectedIndex>-1</selectedIndex>
    </control>
    <control controlID="6EB222E9-1031-4FF2-94E3-346560BB8A56" controlTypeID="Accordion" x="141" y="132" w="150" h="728" zOrder="1">
      <font family="%E5%BE%AE%E8%BD%AF%E9%9B%85%E9%BB%91" displayName="%E5%BE%AE%E8%BD%AF%E9%9B%85%E9%BB%91" postScript="" weightStyle="Regular" weight="400" isBold="False" isItalic="False"/>
      <text>%E8%B5%84%E9%87%91%E6%B5%81%E6%B0%B4%0D%0A-%E5%AF%B9%E5%85%AC%E7%BB%93%E7%AE%97%E6%8F%90%E7%8E%B0%E7%AE%A1%E7%90%86%0D%0A</text>
      <lineSpacing>0</lineSpacing>
    </control>
  </controls>
  <param>
    <backgroundColor>4294967295</backgroundColor>
    <fontSize>0</fontSize>
    <fontFamily/>
    <guideLines/>
  </param>
</mockup>