﻿<mockup version="5.3" minAllowVersion="5.3" ID="FE43159D-3B0F-493C-899C-A51BE81ACDC2" platform="MtBlank" defaultW="6000" defaultH="6000" measureW="6000" measureH="6000" mobileScreenScale="0">
  <controls controlCount="3">
    <control controlID="044C1334-6317-47F5-81BB-ED0CFE7A2AEB" controlTypeID="IPhone2" x="447" y="61" w="400" h="800" zOrder="0"/>
    <control controlID="5609BF40-D9D5-4BE8-BDEB-DAFF0293D2F1" controlTypeID="Button" x="681" y="733" w="36" h="35" zOrder="1">
      <links eventType="AtClick" animate="AmNone" animateAutoDelay="0" animateDuration="500">
        <link targetPageID="F36F7EF1-EEAD-4C9E-B74D-3D93B1A2E8AD" linkType="ltPageLink" isApplyIncludePage="False" title="%E9%80%89%E6%8B%A9pk%E4%BA%BA">
          <area shape="0" alt="" ID="{B6B655A7-E945-4324-A96F-D05B183A81B4}" coords="(0,0,36,35)"/>
        </link>
      </links>
      <font family="%E5%BE%AE%E8%BD%AF%E9%9B%85%E9%BB%91" displayName="%E5%BE%AE%E8%BD%AF%E9%9B%85%E9%BB%91" postScript="" weightStyle="Regular" weight="400" isBold="False" isItalic="False"/>
      <text>pk</text>
      <textSize>12</textSize>
      <lineSpacing>0</lineSpacing>
      <selectedIndex>-1</selectedIndex>
      <radius>4</radius>
    </control>
    <control controlID="11D950B5-04FF-42C3-8FEF-31950861B6F3" controlTypeID="StickyNote" x="869" y="170" w="231" h="123" zOrder="2">
      <font family="%E5%BE%AE%E8%BD%AF%E9%9B%85%E9%BB%91" displayName="%E5%BE%AE%E8%BD%AF%E9%9B%85%E9%BB%91" postScript="" weightStyle="Regular" weight="400" isBold="False" isItalic="False"/>
      <text>1.%E4%B8%BB%E6%92%AD%E7%AB%AF%E6%B7%BB%E5%8A%A0PK%E5%8A%9F%E8%83%BD%E5%85%A5%E5%8F%A3</text>
      <selectedIndex>-1</selectedIndex>
    </control>
  </controls>
  <param>
    <backgroundColor>4294967295</backgroundColor>
    <fontSize>0</fontSize>
    <fontFamily/>
    <guideLines/>
    <remark>1.%E4%B8%BB%E6%92%AD%E7%AB%AF%E6%B7%BB%E5%8A%A0PK%E5%8A%9F%E8%83%BD%E5%85%A5%E5%8F%A3</remark>
  </param>
</mockup>