﻿<mockup version="5.3" minAllowVersion="5.3" ID="FEF21C6B-C91F-4C92-BB18-3CCEC598DF59" platform="MtBlank" defaultW="6000" defaultH="6000" measureW="6000" measureH="6000" mobileScreenScale="0">
  <controls controlCount="3">
    <control controlID="D1A0BD50-A23C-439F-9D3A-F4BB1FCF1710" controlTypeID="IPhone2" x="174" y="60" w="400" h="800" zOrder="0"/>
    <control controlID="C9A9E8C0-3742-4730-89F0-C984440220F5" controlTypeID="Label" x="362" y="329" w="37" h="96" zOrder="1">
      <font family="%E5%BE%AE%E8%BD%AF%E9%9B%85%E9%BB%91" displayName="%E5%BE%AE%E8%BD%AF%E9%9B%85%E9%BB%91" postScript="" weightStyle="Regular" weight="400" isBold="False" isItalic="False"/>
      <text>5</text>
      <textColor>4291611852</textColor>
      <textSize>72</textSize>
      <lineSpacing>0</lineSpacing>
      <useDefaultTextSize>False</useDefaultTextSize>
      <selectedIndex>-1</selectedIndex>
    </control>
    <control controlID="2EB913B1-CCC0-4D06-8843-D37D0945A79E" controlTypeID="StickyNote" x="621" y="283" w="258" h="106" zOrder="2">
      <font family="%E5%BE%AE%E8%BD%AF%E9%9B%85%E9%BB%91" displayName="%E5%BE%AE%E8%BD%AF%E9%9B%85%E9%BB%91" postScript="" weightStyle="Regular" weight="400" isBold="False" isItalic="False"/>
      <text>1.%E5%8F%8C%E6%96%B9%E8%BF%9B%E5%85%A55%E7%A7%92%E5%80%92%E8%AE%A1%E6%97%B6%0D%0A2.%E5%80%92%E8%AE%A1%E6%97%B6%E7%BB%93%E6%9D%9F%E5%90%8E%E8%BF%9B%E5%85%A5PK%E9%A1%B5%E9%9D%A2</text>
      <selectedIndex>-1</selectedIndex>
    </control>
  </controls>
  <param>
    <backgroundColor>4294967295</backgroundColor>
    <fontSize>0</fontSize>
    <fontFamily/>
    <guideLines/>
    <remark>1.%E5%8F%8C%E6%96%B9%E8%BF%9B%E5%85%A55%E7%A7%92%E5%80%92%E8%AE%A1%E6%97%B6%0D%0A2.%E5%80%92%E8%AE%A1%E6%97%B6%E7%BB%93%E6%9D%9F%E5%90%8E%E8%BF%9B%E5%85%A5PK%E9%A1%B5%E9%9D%A2</remark>
  </param>
</mockup>