﻿<LinkSources version="1.02">
  <page ID="F36F7EF1-EEAD-4C9E-B74D-3D93B1A2E8AD">
    <linkSource sourcePageID="FE43159D-3B0F-493C-899C-A51BE81ACDC2" comID="5609BF40-D9D5-4BE8-BDEB-DAFF0293D2F1" comLinkType="cltPageLink"/>
    <linkSource sourcePageID="FE43159D-3B0F-493C-899C-A51BE81ACDC2" comID="72A24160-6ABE-4555-97C7-AD8CE2CF3524" comLinkType="cltPageLink"/>
  </page>
  <page ID="A022EBB0-88A5-4F27-9A5C-C4F52F50B357">
    <linkSource sourcePageID="F36F7EF1-EEAD-4C9E-B74D-3D93B1A2E8AD" comID="6C8E6CE7-2864-4D93-8D87-2ECC03A07E09" comLinkType="cltPageLink"/>
    <linkSource sourcePageID="FE43159D-3B0F-493C-899C-A51BE81ACDC2" comID="72A24160-6ABE-4555-97C7-AD8CE2CF3524" comLinkType="cltPageLink"/>
  </page>
  <page ID="FEF21C6B-C91F-4C92-BB18-3CCEC598DF59">
    <linkSource sourcePageID="AB16129F-D64A-40C5-8ADF-F00B414E3E35" comID="BD5C8AAD-DA50-4E93-B90F-01CB014AFEFB" comLinkType="cltPageLink"/>
  </page>
  <page ID="31702376-0D33-4CF4-A347-EB6EFE0FB467">
    <linkSource sourcePageID="B37768AD-340F-4927-9C5E-08826164E91F" comID="A67E0181-2EFB-4CF5-BF2D-6F2F306402E3" comLinkType="cltPageLink"/>
  </page>
  <page ID="30B9424A-5A0C-4D64-B105-23FC597107EC">
    <linkSource sourcePageID="31702376-0D33-4CF4-A347-EB6EFE0FB467" comID="CD2F1476-8643-4C0C-BB66-8B8940D17C6A" comLinkType="cltPageLink"/>
    <linkSource sourcePageID="31702376-0D33-4CF4-A347-EB6EFE0FB467" comID="72950359-0B20-4184-B036-07688E3E6A91" comLinkType="cltPageLink"/>
    <linkSource sourcePageID="30B9424A-5A0C-4D64-B105-23FC597107EC" comID="CC8A85B9-7BA0-42C0-B8B8-7C49AF0B11C8" comLinkType="cltPageLink"/>
    <linkSource sourcePageID="9541BF63-D518-4FD6-8359-99B583DAAB4D" comID="AABE975B-2835-489A-8330-BF118B47CA2B" comLinkType="cltPageLink"/>
    <linkSource sourcePageID="1181B28E-C6D0-4126-B2BB-A149114F2DFE" comID="D8E7578D-98AA-42E8-8799-1A82324C6CB2" comLinkType="cltPageLink"/>
  </page>
  <page ID="9541BF63-D518-4FD6-8359-99B583DAAB4D">
    <linkSource sourcePageID="31702376-0D33-4CF4-A347-EB6EFE0FB467" comID="CD2F1476-8643-4C0C-BB66-8B8940D17C6A" comLinkType="cltPageLink"/>
    <linkSource sourcePageID="31702376-0D33-4CF4-A347-EB6EFE0FB467" comID="72950359-0B20-4184-B036-07688E3E6A91" comLinkType="cltPageLink"/>
    <linkSource sourcePageID="30B9424A-5A0C-4D64-B105-23FC597107EC" comID="CC8A85B9-7BA0-42C0-B8B8-7C49AF0B11C8" comLinkType="cltPageLink"/>
    <linkSource sourcePageID="9541BF63-D518-4FD6-8359-99B583DAAB4D" comID="AABE975B-2835-489A-8330-BF118B47CA2B" comLinkType="cltPageLink"/>
    <linkSource sourcePageID="1181B28E-C6D0-4126-B2BB-A149114F2DFE" comID="D8E7578D-98AA-42E8-8799-1A82324C6CB2" comLinkType="cltPageLink"/>
  </page>
  <page ID="1181B28E-C6D0-4126-B2BB-A149114F2DFE">
    <linkSource sourcePageID="31702376-0D33-4CF4-A347-EB6EFE0FB467" comID="CD2F1476-8643-4C0C-BB66-8B8940D17C6A" comLinkType="cltPageLink"/>
    <linkSource sourcePageID="31702376-0D33-4CF4-A347-EB6EFE0FB467" comID="72950359-0B20-4184-B036-07688E3E6A91" comLinkType="cltPageLink"/>
    <linkSource sourcePageID="30B9424A-5A0C-4D64-B105-23FC597107EC" comID="CC8A85B9-7BA0-42C0-B8B8-7C49AF0B11C8" comLinkType="cltPageLink"/>
    <linkSource sourcePageID="9541BF63-D518-4FD6-8359-99B583DAAB4D" comID="AABE975B-2835-489A-8330-BF118B47CA2B" comLinkType="cltPageLink"/>
    <linkSource sourcePageID="1181B28E-C6D0-4126-B2BB-A149114F2DFE" comID="D8E7578D-98AA-42E8-8799-1A82324C6CB2" comLinkType="cltPageLink"/>
  </page>
</LinkSources>