﻿<project version="2.9" name="皇冠直播2.0.0版本" ID="A735BC57-E919-4390-A85D-0EFECF64D8E6">
  <params>
    <pageParam version="5.3" minAllowVersion="5.3"/>
    <projectParam version="2.9" minAllowVersion="2.9" platform="MtBlank" pageSize="(6000,6000)" backgroundColor="4294967295" fontSize="0" fontFamily="" projectType="ptPersonalProject" isShowTitleIndex="False"/>
    <previewParam version="1.0"/>
    <colorParam version="1.0"/>
  </params>
  <pages>
    <page name="PK模块" ID="F1560ACF-BA08-457C-9AFE-BFA661B7AD4F" expanded="True" status="psGreen" isfolder="True" isshownode="True">
      <page name="入口" ID="FE43159D-3B0F-493C-899C-A51BE81ACDC2" expanded="True" code="tLQAdN1lhb" thumbCode="tLQAdN1lhb" isLastOpen="True" status="psWhite" isfolder="False" isshownode="True"/>
      <page name="不接受PK设置" ID="F8AAF826-229B-4A5B-B9EC-EF0D445C583E" expanded="True" code="1YLfYRzhU2" thumbCode="1YLfYRzhU2" status="psWhite" isfolder="False" isshownode="True">
        <images>
          <image key="8DA76EB14DB069818E7771B532C3D80C.png"/>
        </images>
      </page>
      <page name="选择pk人" ID="F36F7EF1-EEAD-4C9E-B74D-3D93B1A2E8AD" expanded="False" code="81ar8YJdpG" thumbCode="81ar8YJdpG" status="psWhite" isfolder="False" isshownode="True"/>
      <page name="发起PK（发起方流程）" ID="D404F1C7-1F7E-4A52-85AA-BE9537AA9A6E" expanded="False" status="psGreen" isfolder="True" isshownode="True">
        <page name="发起PK--等待页面（发起方）" ID="A022EBB0-88A5-4F27-9A5C-C4F52F50B357" expanded="False" code="rYvycN8Mqq" thumbCode="rYvycN8Mqq" status="psWhite" isfolder="False" isshownode="True"/>
        <page name="拒绝" ID="5BA74B4B-A61F-4D68-84E7-5D35CC69C7D6" expanded="False" code="iQUoE8a4ym" thumbCode="iQUoE8a4ym" status="psWhite" isfolder="False" isshownode="True"/>
        <page name="接通过程" ID="C2D73281-BCE8-4349-9C6E-0DB63F1F4C91" expanded="True" code="tVx1GzM8nu" thumbCode="tVx1GzM8nu" status="psWhite" isfolder="False" isshownode="True"/>
      </page>
      <page name="发起PK（接收方流程）" ID="3768E812-A323-4917-BED1-FDC19B8BA8AA" expanded="False" status="psGreen" isfolder="True" isshownode="True">
        <page name="发起PK--等待页面（接收方）" ID="AB16129F-D64A-40C5-8ADF-F00B414E3E35" expanded="False" code="xd6vKZ9SRH" thumbCode="xd6vKZ9SRH" status="psWhite" isfolder="False" isshownode="True"/>
        <page name="接通过程" ID="FEF21C6B-C91F-4C92-BB18-3CCEC598DF59" expanded="False" code="c6FwA34iaB" thumbCode="c6FwA34iaB" status="psWhite" isfolder="False" isshownode="True"/>
      </page>
      <page name="接通画面" ID="580F19C6-1581-4EE4-819C-05C3885679CA" expanded="False" status="psGreen" isfolder="True" isshownode="True">
        <page name="概述" ID="8213D068-100E-4F91-9AD0-E672CD261588" expanded="False" code="nvQrXfoBtj" thumbCode="nvQrXfoBtj" status="psWhite" isfolder="False" isshownode="True"/>
        <page name="接通画面（发起方）" ID="32108747-3BCA-457A-8DD3-9B43F3001CE4" expanded="False" code="4ZHQkdtLAP" thumbCode="4ZHQkdtLAP" status="psWhite" isfolder="False" isshownode="True">
          <images>
            <image key="713CF42FD64030D25A648407D6E1482C.svg"/>
            <image key="DB7FC814F441C17601BBA7EA29C0CC4C.svg"/>
          </images>
        </page>
        <page name="接通画面（接收方）" ID="23910AE4-3A00-4F06-A81C-0CC1C3A874A8" expanded="False" code="Ntq6qxANBI" thumbCode="Ntq6qxANBI" status="psWhite" isfolder="False" isshownode="True">
          <images>
            <image key="713CF42FD64030D25A648407D6E1482C.svg"/>
            <image key="DB7FC814F441C17601BBA7EA29C0CC4C.svg"/>
          </images>
        </page>
      </page>
      <page name="结束PK" ID="BE38C21C-5FC8-429C-B091-C19D83402A65" expanded="False" status="psGreen" isfolder="True" isshownode="True">
        <page name="PK倒计时结束（发起方失败）" ID="D1DEEB78-1C6F-4A63-B72B-9B26057E80A7" expanded="True" code="6j8HBRjAQl" thumbCode="6j8HBRjAQl" status="psWhite" isfolder="False" isshownode="True">
          <images>
            <image key="713CF42FD64030D25A648407D6E1482C.svg"/>
            <image key="DB7FC814F441C17601BBA7EA29C0CC4C.svg"/>
          </images>
        </page>
        <page name="PK倒计时结束（接收方胜利）" ID="12A2987A-174C-4824-9AFA-64B099EFD31D" expanded="False" code="emzgFekAk3" thumbCode="emzgFekAk3" status="psWhite" isfolder="False" isshownode="True">
          <images>
            <image key="713CF42FD64030D25A648407D6E1482C.svg"/>
            <image key="DB7FC814F441C17601BBA7EA29C0CC4C.svg"/>
          </images>
        </page>
      </page>
    </page>
    <page name="背包模块" ID="2995FE67-A73A-4342-AA39-1FF9C6E2899B" expanded="False" status="psGreen" isfolder="True" isshownode="True">
      <page name="背包入口" ID="B37768AD-340F-4927-9C5E-08826164E91F" expanded="True" code="YnO25I41DR" thumbCode="YnO25I41DR" status="psWhite" isfolder="False" isshownode="True"/>
      <page name="背包展开面板" ID="31702376-0D33-4CF4-A347-EB6EFE0FB467" expanded="False" code="LhQsnLOYrY" thumbCode="LhQsnLOYrY" status="psWhite" isfolder="False" isshownode="True">
        <page name="道具" ID="30B9424A-5A0C-4D64-B105-23FC597107EC" expanded="True" code="UqDZCvRQf8" thumbCode="UqDZCvRQf8" status="psWhite" isfolder="False" isshownode="True"/>
        <page name="勋章" ID="9541BF63-D518-4FD6-8359-99B583DAAB4D" expanded="True" code="5WbpFLiob9" thumbCode="5WbpFLiob9" status="psWhite" isfolder="False" isshownode="True"/>
        <page name="特效" ID="1181B28E-C6D0-4126-B2BB-A149114F2DFE" expanded="True" code="qLHWImV5YD" thumbCode="qLHWImV5YD" status="psWhite" isfolder="False" isshownode="True"/>
        <page name="背包后台--背包配置" ID="C289FF4D-F344-44C2-9038-9A7DDF69B9EA" expanded="True" code="a4NanM6r7S" thumbCode="a4NanM6r7S" status="psWhite" isfolder="False" isshownode="True"/>
        <page name="背包后台--道具流水" ID="BA51DB18-10DD-43F5-A235-C23225517C2F" expanded="True" code="nhyJQ7UQyE" thumbCode="nhyJQ7UQyE" status="psWhite" isfolder="False" isshownode="True"/>
        <page name="背包后台--增删道具" ID="27F09434-4147-43C5-8FC3-2FB5D3E7F49C" expanded="True" code="xAV3FZaJ6i" thumbCode="xAV3FZaJ6i" status="psWhite" isfolder="False" isshownode="True"/>
      </page>
    </page>
    <page name="免费礼物" ID="18843401-5F1F-4820-8159-75FB9147FF81" expanded="False" code="uJaHa9llia" thumbCode="uJaHa9llia" status="psWhite" isfolder="False" isshownode="True">
      <images>
        <image key="9DA58F6FCBD77A56BA4CDD80AFFCE333.svg"/>
        <image key="D0C064FF6802AB527BCBD865CE47616F.svg"/>
      </images>
      <page name="免费礼物后台" ID="B31DBAFE-8400-4BC4-B0BA-7E4A59E95D12" expanded="True" code="kFS73BNT3q" thumbCode="kFS73BNT3q" status="psWhite" isfolder="False" isshownode="True"/>
    </page>
    <page name="主播星级页面" ID="D83B0732-FB15-4107-995E-BF736230E5FC" expanded="True" code="rpehBKtf1H" thumbCode="rpehBKtf1H" status="psWhite" isfolder="False" isshownode="True">
      <images>
        <image key="949ED16EC34B7E264D83EF0073F73D00.png"/>
      </images>
    </page>
    <page name="开播页面" ID="839E0CF6-59A3-4139-99EA-4180ED11350E" expanded="True" code="aQWBeaPs36" thumbCode="aQWBeaPs36" status="psWhite" isfolder="False" isshownode="True">
      <images>
        <image key="2346797DF330CC2C18AF6BC68C5A68EB.png"/>
      </images>
    </page>
    <page name="贵族到期提醒" ID="7E35CCB1-14C3-4508-8CDB-E83166CEAE2A" expanded="True" code="LSQhpDe5sI" thumbCode="LSQhpDe5sI" status="psWhite" isfolder="False" isshownode="True">
      <images>
        <image key="6BF55833AC43C8EA34480321580D60AD.png"/>
      </images>
    </page>
    <page name="首页热门排序调整" ID="4455DBCC-C675-42C5-805B-EB68E876F76E" expanded="True" code="WJHosFaZeG" thumbCode="WJHosFaZeG" status="psWhite" isfolder="False" isshownode="True"/>
    <page name="其他" ID="61A4C886-A4F3-4DDB-AD8C-43661B027C57" expanded="True" code="ZaRKNOxMf4" thumbCode="ZaRKNOxMf4" status="psWhite" isfolder="False" isshownode="True"/>
    <page name="家族长后台" ID="12642E92-0C5D-41A8-9C68-56B0687B2CD0" expanded="False" status="psGreen" isfolder="True" isshownode="True">
      <page name="家族长后台--禁播管理" ID="18DC98CF-3062-4EEC-A92B-DDD8D28A31E5" expanded="True" code="GA7uc3CZL3" thumbCode="GA7uc3CZL3" status="psWhite" isfolder="False" isshownode="True">
        <images>
          <image key="70D2E68A7886F41F9C96F01CD7EF83BB.png"/>
        </images>
      </page>
      <page name="家族长后台--黑名单功能" ID="36E4EAA6-AE94-4E15-BE3D-1BDF99E266D6" expanded="True" code="pdVYHZgSDR" thumbCode="pdVYHZgSDR" status="psWhite" isfolder="False" isshownode="True">
        <images>
          <image key="70D2E68A7886F41F9C96F01CD7EF83BB.png"/>
        </images>
      </page>
    </page>
  </pages>
  <trash>
    <page name="页面" ID="BD33B9B8-20CD-4273-B09F-F689178E24A6" expanded="False" code="ZjS8zoz3Ec" thumbCode="" isLastOpen="True" status="psWhite" isfolder="False" isshownode="True"/>
    <page name="首页" ID="7F5D36D9-CB8A-4956-AF7D-8BA04A432A63" expanded="True" code="r7QjZTgZNj" thumbCode="" isLastOpen="True" status="psWhite" isfolder="False" isshownode="True"/>
    <page name="PK功能" ID="B653DE68-8431-40B6-A2B2-249679269C7B" expanded="False" code="xuPCSjfGKH" thumbCode="" isLastOpen="True" status="psWhite" isfolder="False" isshownode="True"/>
    <page name="页面" ID="34689BCF-1B62-467E-8BB8-4AB4FA227D30" expanded="False" code="UrPKzSe8aN" thumbCode="" isLastOpen="True" status="psWhite" isfolder="False" isshownode="True"/>
    <page name="页面" ID="BBE421F1-8D2B-4240-A6D2-71AF07EEAAA4" expanded="False" code="q7Ueqvoxez" thumbCode="" isLastOpen="True" status="psWhite" isfolder="False" isshownode="True"/>
    <page name="背包后台" ID="FA6D4E03-B398-49D0-AD63-9E7A36C32C24" expanded="True" code="LD5YdJYhbI" thumbCode="rxbcbRAcZ9" isLastOpen="True" status="psWhite" isfolder="False" isshownode="True"/>
    <page name="页面" ID="EF4CEF14-6F41-4EB3-AA63-A6CC392E6507" expanded="False" code="c1k1MpefMd" thumbCode="" isLastOpen="True" status="psWhite" isfolder="False" isshownode="True"/>
  </trash>
  <deletes/>
  <masters/>
  <images>
    <image key="DB7FC814F441C17601BBA7EA29C0CC4C.svg"/>
    <image key="70D2E68A7886F41F9C96F01CD7EF83BB.png"/>
    <image key="8DA76EB14DB069818E7771B532C3D80C.png"/>
    <image key="9DA58F6FCBD77A56BA4CDD80AFFCE333.svg"/>
    <image key="D0C064FF6802AB527BCBD865CE47616F.svg"/>
    <image key="949ED16EC34B7E264D83EF0073F73D00.png"/>
    <image key="6BF55833AC43C8EA34480321580D60AD.png"/>
    <image key="2346797DF330CC2C18AF6BC68C5A68EB.png"/>
    <image key="713CF42FD64030D25A648407D6E1482C.svg"/>
  </images>
</project>